epoch,lr-AdamW,step,test_acc,test_auroc,test_bal_acc,test_balanced_acc,test_loss,test_loss_causal,test_loss_diff,test_loss_kl,test_loss_recon,test_loss_task,test_macro_f1,train_acc,train_bal_acc,train_loss,train_loss_causal,train_loss_diff,train_loss_kl,train_loss_recon,train_loss_task,val/hallucination_acc,val/latent_drift_t0,val_acc,val_bal_acc,val_loss,val_loss_causal,val_loss_diff,val_loss_kl,val_loss_recon,val_loss_task,warmup/gamma_diff,warmup/gamma_kl,warmup/gamma_recon
,5e-05,9,,,,,,,,,,,,,,,,,,,,,,,,,,,,,,,,
0,,9,,,,,,,,,,,,0.25,,3.1072335243225098,0.0,1.1510109901428223,0.4810725152492523,0.0,3.1072335243225098,,,,,,,,,,,0.0,0.0,0.05000000074505806
,5e-05,19,,,,,,,,,,,,,,,,,,,,,,,,,,,,,,,,
0,,19,,,,,,,,,,,,0.234375,,2.7686455249786377,0.0,1.1562498807907104,0.5080238580703735,0.0,2.7686455249786377,,,,,,,,,,,0.0,0.0,0.05000000074505806
,5e-05,29,,,,,,,,,,,,,,,,,,,,,,,,,,,,,,,,
0,,29,,,,,,,,,,,,0.390625,,3.052196741104126,0.0,1.1552742719650269,0.5342187285423279,0.0,3.052196741104126,,,,,,,,,,,0.0,0.0,0.05000000074505806
0,,30,,,,,,,,,,,,,,,,,,,,,0.2234629988670349,0.6658711433410645,0.18637986481189728,2.7453012466430664,0.0,1.1443767547607422,0.5836846828460693,0.0,2.7453012466430664,,,
0,,30,,,,,,,,,,,,,0.14235126972198486,,,,,,,,,,,,,,,,,,,
,9.5e-05,39,,,,,,,,,,,,,,,,,,,,,,,,,,,,,,,,
1,,39,,,,,,,,,,,,0.375,,3.0495715141296387,0.0,1.1536997556686401,0.5695009827613831,0.0,2.992621421813965,,,,,,,,,,,0.0,0.10000000149011612,0.10000000149011612
,9.5e-05,49,,,,,,,,,,,,,,,,,,,,,,,,,,,,,,,,
1,,49,,,,,,,,,,,,0.359375,,3.6220057010650635,0.0,1.1538233757019043,0.5702710747718811,0.0,3.56497859954834,,,,,,,,,,,0.0,0.10000000149011612,0.10000000149011612
,9.5e-05,59,,,,,,,,,,,,,,,,,,,,,,,,,,,,,,,,
1,,59,,,,,,,,,,,,0.4375,,2.919761896133423,0.0,1.1512246131896973,0.5487570762634277,0.0,2.8648862838745117,,,,,,,,,,,0.0,0.10000000149011612,0.10000000149011612
1,,61,,,,,,,,,,,,,,,,,,,,,0.23650600016117096,0.6682577729225159,0.18703262507915497,2.7468135356903076,0.0,1.145423412322998,0.6025422811508179,0.0,2.6865596771240234,,,
1,,61,,,,,,,,,,,,,0.1664881855249405,,,,,,,,,,,,,,,,,,,
,0.00014000000000000001,69,,,,,,,,,,,,,,,,,,,,,,,,,,,,,,,,
2,,69,,,,,,,,,,,,0.484375,,2.6760683059692383,0.0,1.1536387205123901,0.5195287466049194,0.0,2.572162628173828,,,,,,,,,,,0.0,0.20000000298023224,0.15000000596046448
,0.00014000000000000001,79,,,,,,,,,,,,,,,,,,,,,,,,,,,,,,,,
2,,79,,,,,,,,,,,,0.484375,,2.627523183822632,0.0,1.152406930923462,0.48704883456230164,0.0,2.530113458633423,,,,,,,,,,,0.0,0.20000000298023224,0.15000000596046448
,0.00014000000000000001,89,,,,,,,,,,,,,,,,,,,,,,,,,,,,,,,,
2,,89,,,,,,,,,,,,0.453125,,2.461111545562744,0.0,1.1514344215393066,0.42185989022254944,0.0,2.376739501953125,,,,,,,,,,,0.0,0.20000000298023224,0.15000000596046448
2,,92,,,,,,,,,,,,,,,,,,,,,0.19784030318260193,0.6682577729225159,0.18703262507915497,2.747128963470459,0.0,1.141918659210205,0.3899202048778534,0.0,2.66914439201355,,,
2,,92,,,,,,,,,,,,,0.17564934492111206,,,,,,,,,,,,,,,,,,,
,0.00018500000000000002,99,,,,,,,,,,,,,,,,,,,,,,,,,,,,,,,,
3,,99,,,,,,,,,,,,0.453125,,2.922461748123169,0.0,1.1495025157928467,0.37178680300712585,0.0,2.8109257221221924,,,,,,,,,,,0.0,0.30000001192092896,0.20000000298023224
,0.00018500000000000002,109,,,,,,,,,,,,,,,,,,,,,,,,,,,,,,,,
3,,109,,,,,,,,,,,,0.609375,,2.6248703002929688,0.0,1.1499662399291992,0.31922009587287903,0.0,2.529104232788086,,,,,,,,,,,0.0,0.30000001192092896,0.20000000298023224
,0.00018500000000000002,119,,,,,,,,,,,,,,,,,,,,,,,,,,,,,,,,
3,,119,,,,,,,,,,,,0.546875,,2.7173478603363037,0.0,1.1510075330734253,0.26131877303123474,0.0,2.6389522552490234,,,,,,,,,,,0.0,0.30000001192092896,0.20000000298023224
3,,123,,,,,,,,,,,,,,,,,,,,,0.17528827488422394,0.6706444025039673,0.19142982363700867,2.7286298274993896,0.0,1.137567162513733,0.2074165940284729,0.0,2.666404962539673,,,
3,,123,,,,,,,,,,,,,0.20239999890327454,,,,,,,,,,,,,,,,,,,
,0.00023000000000000003,129,,,,,,,,,,,,,,,,,,,,,,,,,,,,,,,,
4,,129,,,,,,,,,,,,0.53125,,2.556972026824951,0.0,1.1534990072250366,0.22897568345069885,0.0,2.4653818607330322,,,,,,,,,,,0.0,0.4000000059604645,0.25
,0.00023000000000000003,139,,,,,,,,,,,,,,,,,,,,,,,,,,,,,,,,
4,,139,,,,,,,,,,,,0.5,,2.6336708068847656,0.0,1.1481451988220215,0.16193893551826477,0.0,2.5688953399658203,,,,,,,,,,,0.0,0.4000000059604645,0.25
,0.00023000000000000003,149,,,,,,,,,,,,,,,,,,,,,,,,,,,,,,,,
4,,149,,,,,,,,,,,,0.53125,,2.9449381828308105,0.0,1.1481144428253174,0.14413689076900482,0.0,2.8872833251953125,,,,,,,,,,,0.0,0.4000000059604645,0.25
4,,154,,,,,,,,,,,,,,,,,,,,,0.1546195149421692,0.6133651733398438,0.2445608228445053,2.728322982788086,0.0,1.1394766569137573,0.10876424610614777,0.0,2.684817314147949,,,
4,,154,,,,,,,,,,,,,0.18080595135688782,,,,,,,,,,,,,,,,,,,
,0.000275,159,,,,,,,,,,,,,,,,,,,,,,,,,,,,,,,,
5,,159,,,,,,,,,,,,0.5,,2.228480339050293,0.0,1.1512326002120972,0.12373548746109009,0.0,2.1666126251220703,,,,,,,,,,,0.0,0.5,0.30000001192092896
,0.000275,169,,,,,,,,,,,,,,,,,,,,,,,,,,,,,,,,
5,,169,,,,,,,,,,,,0.515625,,2.8762331008911133,0.0,1.1536273956298828,0.09935206174850464,0.0,2.826557159423828,,,,,,,,,,,0.0,0.5,0.30000001192092896
,0.000275,179,,,,,,,,,,,,,,,,,,,,,,,,,,,,,,,,
5,,179,,,,,,,,,,,,0.40625,,3.433499574661255,0.0,1.1517894268035889,0.07606091350317001,0.0,3.3954691886901855,,,,,,,,,,,0.0,0.5,0.30000001192092896
5,,185,,,,,,,,,,,,,,,,,,,,,0.14100371301174164,0.620525062084198,0.2537679672241211,2.665924072265625,0.0,1.1390645503997803,0.0658017098903656,0.0,2.633023500442505,,,
5,,185,,,,,,,,,,,,,0.1923055797815323,,,,,,,,,,,,,,,,,,,
,0.00032,189,,,,,,,,,,,,,,,,,,,,,,,,,,,,,,,,
6,,189,,,,,,,,,,,,0.484375,,3.3696324825286865,0.0,1.1511194705963135,0.0838339701294899,0.0,3.3193321228027344,,,,,,,,,,,0.0,0.6000000238418579,0.3499999940395355
,0.00032,199,,,,,,,,,,,,,,,,,,,,,,,,,,,,,,,,
6,,199,,,,,,,,,,,,0.578125,,2.8583133220672607,0.0,1.1470779180526733,0.06875956058502197,0.0,2.8170576095581055,,,,,,,,,,,0.0,0.6000000238418579,0.3499999940395355
,0.00032,209,,,,,,,,,,,,,,,,,,,,,,,,,,,,,,,,
6,,209,,,,,,,,,,,,0.453125,,2.5257315635681152,0.0,1.1498663425445557,0.0595654658973217,0.0,2.489992380142212,,,,,,,,,,,0.0,0.6000000238418579,0.3499999940395355
6,,216,,,,,,,,,,,,,,,,,,,,,0.13503819704055786,0.6682577729225159,0.23792865872383118,2.6345086097717285,0.0,1.1356308460235596,0.053882237523794174,0.0,2.602179527282715,,,
6,,216,,,,,,,,,,,,,0.21591119468212128,,,,,,,,,,,,,,,,,,,
,0.00036500000000000004,219,,,,,,,,,,,,,,,,,,,,,,,,,,,,,,,,
7,,219,,,,,,,,,,,,0.65625,,2.7560935020446777,0.0,1.1492178440093994,0.06210063770413399,0.0,2.712623119354248,,,,,,,,,,,0.0,0.699999988079071,0.4000000059604645
,0.00036500000000000004,229,,,,,,,,,,,,,,,,,,,,,,,,,,,,,,,,
7,,229,,,,,,,,,,,,0.421875,,3.3701984882354736,0.0,1.1461315155029297,0.05026106908917427,0.0,3.3350157737731934,,,,,,,,,,,0.0,0.699999988079071,0.4000000059604645
,0.00036500000000000004,239,,,,,,,,,,,,,,,,,,,,,,,,,,,,,,,,
7,,239,,,,,,,,,,,,0.703125,,2.984002113342285,0.0,1.1469038724899292,0.06182457134127617,0.0,2.9407248497009277,,,,,,,,,,,0.0,0.699999988079071,0.4000000059604645
7,,247,,,,,,,,,,,,,,,,,,,,,0.12765827775001526,0.4653937816619873,0.25539565086364746,2.732257604598999,0.0,1.135541558265686,0.04364411160349846,0.0,2.701706886291504,,,
7,,247,,,,,,,,,,,,,0.20586249232292175,,,,,,,,,,,,,,,,,,,
,0.00041000000000000005,249,,,,,,,,,,,,,,,,,,,,,,,,,,,,,,,,
8,,249,,,,,,,,,,,,0.5,,2.4575088024139404,0.0,1.14603853225708,0.04504000023007393,0.0,2.4214768409729004,,,,,,,,,,,0.0,0.800000011920929,0.44999998807907104
,0.00041000000000000005,259,,,,,,,,,,,,,,,,,,,,,,,,,,,,,,,,
8,,259,,,,,,,,,,,,0.640625,,2.6463606357574463,0.0,1.143506646156311,0.04418178275227547,0.0,2.6110153198242188,,,,,,,,,,,0.0,0.800000011920929,0.44999998807907104
,0.00041000000000000005,269,,,,,,,,,,,,,,,,,,,,,,,,,,,,,,,,
8,,269,,,,,,,,,,,,0.390625,,3.5026767253875732,0.0,1.1480956077575684,0.04210395738482475,0.0,3.468993663787842,,,,,,,,,,,0.0,0.800000011920929,0.44999998807907104
8,,278,,,,,,,,,,,,,,,,,,,,,0.1258048564195633,0.6157518029212952,0.2510947287082672,2.644829511642456,0.0,1.137864351272583,0.03772649168968201,0.0,2.6146485805511475,,,
8,,278,,,,,,,,,,,,,0.21494369208812714,,,,,,,,,,,,,,,,,,,
,0.0004550000000000001,279,,,,,,,,,,,,,,,,,,,,,,,,,,,,,,,,
9,,279,,,,,,,,,,,,0.59375,,2.7275660037994385,0.0,1.1512823104858398,0.03753894194960594,0.0,2.6937808990478516,,,,,,,,,,,0.0,0.8999999761581421,0.5
,0.0004550000000000001,289,,,,,,,,,,,,,,,,,,,,,,,,,,,,,,,,
9,,289,,,,,,,,,,,,0.5625,,2.4654903411865234,0.0,1.143109917640686,0.04069170728325844,0.0,2.428867816925049,,,,,,,,,,,0.0,0.8999999761581421,0.5
,0.0004550000000000001,299,,,,,,,,,,,,,,,,,,,,,,,,,,,,,,,,
9,,299,,,,,,,,,,,,0.578125,,2.7602455615997314,0.0,1.1461293697357178,0.030910436064004898,0.0,2.732426166534424,,,,,,,,,,,0.0,0.8999999761581421,0.5
,0.0004550000000000001,309,,,,,,,,,,,,,,,,,,,,,,,,,,,,,,,,
9,,309,,,,,,,,,,,,0.472222238779068,,3.0560462474823,0.0,1.1458513736724854,0.03223000839352608,0.0,3.0270392894744873,,,,,,,,,,,0.0,0.8999999761581421,0.5
9,,309,,,,,,,,,,,,,,,,,,,,,0.12546995282173157,0.5799522399902344,0.25909730792045593,2.6760449409484863,0.0,1.13701331615448,0.03214876726269722,0.0,2.647110939025879,,,
9,,309,,,,,,,,,,,,,0.21092936396598816,,,,,,,,,,,,,,,,,,,
,0.0005,319,,,,,,,,,,,,,,,,,,,,,,,,,,,,,,,,
10,,319,,,,,,,,,,,,0.5625,,2.799206018447876,0.0,0.9936970472335815,0.033633604645729065,0.0,2.7630879878997803,,,,,,,,,,,0.05000000074505806,1.0,0.550000011920929
,0.0005,329,,,,,,,,,,,,,,,,,,,,,,,,,,,,,,,,
10,,329,,,,,,,,,,,,0.640625,,2.46500825881958,0.0,0.965929388999939,0.027716198936104774,0.0,2.4348771572113037,,,,,,,,,,,0.05000000074505806,1.0,0.550000011920929
,0.0005,339,,,,,,,,,,,,,,,,,,,,,,,,,,,,,,,,
10,,339,,,,,,,,,,,,0.515625,,2.6692097187042236,0.0,0.9425074458122253,0.03879113122820854,0.0,2.6280622482299805,,,,,,,,,,,0.05000000074505806,1.0,0.550000011920929
10,,340,,,,,,,,,,,,,,,,,,,,0.5,0.011049296706914902,0.5011933445930481,0.27004769444465637,2.731788396835327,0.0,0.9175834655761719,0.04508793726563454,0.0,2.6844065189361572,,,
10,,340,,,,,,,,,,,,,0.23088283836841583,,,,,,,,,,,,,,,,,,,
,0.0004998492296872263,349,,,,,,,,,,,,,,,,,,,,,,,,,,,,,,,,
11,,349,,,,,,,,,,,,0.65625,,2.7548654079437256,0.0,0.9260894656181335,0.03651080280542374,0.0,2.713724136352539,,,,,,,,,,,0.10000000149011612,1.0,0.6000000238418579
,0.0004998492296872263,359,,,,,,,,,,,,,,,,,,,,,,,,,,,,,,,,
11,,359,,,,,,,,,,,,0.578125,,2.4188122749328613,0.0,0.8997584581375122,0.03140717372298241,0.0,2.382906436920166,,,,,,,,,,,0.10000000149011612,1.0,0.6000000238418579
,0.0004998492296872263,369,,,,,,,,,,,,,,,,,,,,,,,,,,,,,,,,
11,,369,,,,,,,,,,,,0.609375,,2.9362497329711914,0.0,0.8363311290740967,0.026748402044177055,0.0,2.9053196907043457,,,,,,,,,,,0.10000000149011612,1.0,0.6000000238418579
11,,371,,,,,,,,,,,,,,,,,,,,,0.004572737496346235,0.560859203338623,0.25920888781547546,2.6618006229400635,0.0,0.7971559166908264,0.026984797790646553,0.0,2.6308302879333496,,,
11,,371,,,,,,,,,,,,,0.22867116332054138,,,,,,,,,,,,,,,,,,,
,0.0004993971024393066,379,,,,,,,,,,,,,,,,,,,,,,,,,,,,,,,,
12,,379,,,,,,,,,,,,0.78125,,2.2935261726379395,0.0,0.8536884784698486,0.022304847836494446,0.0,2.2648186683654785,,,,,,,,,,,0.15000000596046448,1.0,0.6499999761581421
,0.0004993971024393066,389,,,,,,,,,,,,,,,,,,,,,,,,,,,,,,,,
12,,389,,,,,,,,,,,,0.671875,,2.43827748298645,0.0,0.8266854882240295,0.029074078425765038,0.0,2.403003215789795,,,,,,,,,,,0.15000000596046448,1.0,0.6499999761581421
,0.0004993971024393066,399,,,,,,,,,,,,,,,,,,,,,,,,,,,,,,,,
12,,399,,,,,,,,,,,,0.625,,2.5620341300964355,0.0,0.8009562492370605,0.02574307657778263,0.0,2.5302839279174805,,,,,,,,,,,0.15000000596046448,1.0,0.6499999761581421
12,,402,,,,,,,,,,,,,,,,,,,,,0.004622837528586388,0.5799522399902344,0.27224135398864746,2.651444911956787,0.0,0.7442134618759155,0.03175980970263481,0.0,2.6141037940979004,,,
12,,402,,,,,,,,,,,,,0.25264960527420044,,,,,,,,,,,,,,,,,,,
,0.0004986441691036478,409,,,,,,,,,,,,,,,,,,,,,,,,,,,,,,,,
13,,409,,,,,,,,,,,,0.6875,,2.8918511867523193,0.0,0.7932508587837219,0.03245583176612854,0.0,2.8514628410339355,,,,,,,,,,,0.20000000298023224,1.0,0.699999988079071
,0.0004986441691036478,419,,,,,,,,,,,,,,,,,,,,,,,,,,,,,,,,
13,,419,,,,,,,,,,,,0.546875,,2.6849141120910645,0.0,0.801265299320221,0.03297920897603035,0.0,2.6439223289489746,,,,,,,,,,,0.20000000298023224,1.0,0.699999988079071
,0.0004986441691036478,429,,,,,,,,,,,,,,,,,,,,,,,,,,,,,,,,
13,,429,,,,,,,,,,,,0.609375,,2.736863851547241,0.0,0.7853626012802124,0.03416118025779724,0.0,2.6948492527008057,,,,,,,,,,,0.20000000298023224,1.0,0.699999988079071
13,,433,,,,,,,,,,,,,,,,,,,,,0.007608022540807724,0.47255370020866394,0.2627153992652893,2.7594261169433594,0.0,0.7023068070411682,0.04804691672325134,0.0,2.7043561935424805,,,
13,,433,,,,,,,,,,,,,0.2377091348171234,,,,,,,,,,,,,,,,,,,
,0.0004975913470135388,439,,,,,,,,,,,,,,,,,,,,,,,,,,,,,,,,
14,,439,,,,,,,,,,,,0.546875,,2.5832228660583496,0.0,0.7854135036468506,0.027167487889528275,0.0,2.5462377071380615,,,,,,,,,,,0.25,1.0,0.75
,0.0004975913470135388,449,,,,,,,,,,,,,,,,,,,,,,,,,,,,,,,,
14,,449,,,,,,,,,,,,0.640625,,2.3499937057495117,0.0,0.7467731237411499,0.024986276403069496,0.0,2.3156728744506836,,,,,,,,,,,0.25,1.0,0.75
,0.0004975913470135388,459,,,,,,,,,,,,,,,,,,,,,,,,,,,,,,,,
14,,459,,,,,,,,,,,,0.578125,,2.439394474029541,0.0,0.7857635617256165,0.023480163887143135,0.0,2.4060921669006348,,,,,,,,,,,0.25,1.0,0.75
14,,464,,,,,,,,,,,,,,,,,,,,,0.004038678482174873,0.6062052249908447,0.2553727924823761,2.6023635864257812,0.0,0.6856048703193665,0.030147582292556763,0.0,2.563645839691162,,,
14,,464,,,,,,,,,,,,,0.2602991759777069,,,,,,,,,,,,,,,,,,,
,0.0004962399188705217,469,,,,,,,,,,,,,,,,,,,,,,,,,,,,,,,,
15,,469,,,,,,,,,,,,0.609375,,2.827435255050659,0.0,0.8147871494293213,0.027758756652474403,0.0,2.787454605102539,,,,,,,,,,,0.30000001192092896,1.0,0.800000011920929
,0.0004962399188705217,479,,,,,,,,,,,,,,,,,,,,,,,,,,,,,,,,
15,,479,,,,,,,,,,,,0.53125,,2.8968520164489746,0.0,0.757125198841095,0.03325193002820015,0.0,2.852243185043335,,,,,,,,,,,0.30000001192092896,1.0,0.800000011920929
,0.0004962399188705217,489,,,,,,,,,,,,,,,,,,,,,,,,,,,,,,,,
15,,489,,,,,,,,,,,,0.609375,,2.5994787216186523,0.0,0.8072547912597656,0.022798430174589157,0.0,2.5645713806152344,,,,,,,,,,,0.30000001192092896,1.0,0.800000011920929
15,,495,,,,,,,,,,,,,,,,,,,,,0.008075820282101631,0.517899751663208,0.2884168028831482,2.7403972148895264,0.0,0.6951616406440735,0.054064370691776276,0.0,2.675905704498291,,,
15,,495,,,,,,,,,,,,,0.2331211268901825,,,,,,,,,,,,,,,,,,,
,0.0004945915311816171,499,,,,,,,,,,,,,,,,,,,,,,,,,,,,,,,,
16,,499,,,,,,,,,,,,0.578125,,2.380357027053833,0.0,0.8000757694244385,0.03423934057354927,0.0,2.3321163654327393,,,,,,,,,,,0.3499999940395355,1.0,0.8500000238418579
,0.0004945915311816171,509,,,,,,,,,,,,,,,,,,,,,,,,,,,,,,,,
16,,509,,,,,,,,,,,,0.625,,2.2477309703826904,0.0,0.743479311466217,0.03563355654478073,0.0,2.1990864276885986,,,,,,,,,,,0.3499999940395355,1.0,0.8500000238418579
,0.0004945915311816171,519,,,,,,,,,,,,,,,,,,,,,,,,,,,,,,,,
16,,519,,,,,,,,,,,,0.625,,2.4852564334869385,0.0,0.7296047210693359,0.017929043620824814,0.0,2.454559326171875,,,,,,,,,,,0.3499999940395355,1.0,0.8500000238418579
16,,526,,,,,,,,,,,,,,,,,,,,,0.005244876258075237,0.5513126254081726,0.23545943200588226,2.6488800048828125,0.0,0.6738375425338745,0.03934863582253456,0.0,2.5977389812469482,,,
16,,526,,,,,,,,,,,,,0.25482094287872314,,,,,,,,,,,,,,,,,,,
,0.0004926481922533092,529,,,,,,,,,,,,,,,,,,,,,,,,,,,,,,,,
17,,529,,,,,,,,,,,,0.65625,,2.787775993347168,0.0,0.7482843399047852,0.032317038625478745,0.0,2.7404932975769043,,,,,,,,,,,0.4000000059604645,1.0,0.8999999761581421
,0.0004926481922533092,539,,,,,,,,,,,,,,,,,,,,,,,,,,,,,,,,
17,,539,,,,,,,,,,,,0.65625,,2.2107179164886475,0.0,0.7766774296760559,0.05011509731411934,0.0,2.1450693607330322,,,,,,,,,,,0.4000000059604645,1.0,0.8999999761581421
,0.0004926481922533092,549,,,,,,,,,,,,,,,,,,,,,,,,,,,,,,,,
17,,549,,,,,,,,,,,,0.53125,,3.0698561668395996,0.0,0.7241467237472534,0.03849359229207039,0.0,3.0168795585632324,,,,,,,,,,,0.4000000059604645,1.0,0.8999999761581421
17,,557,,,,,,,,,,,,,,,,,,,,,0.005655100103467703,0.5369928479194641,0.2705564796924591,2.64990234375,0.0,0.6869913935661316,0.03916340321302414,0.0,2.596998929977417,,,
17,,557,,,,,,,,,,,,,0.3103470802307129,,,,,,,,,,,,,,,,,,,
,0.0004904122697447341,559,,,,,,,,,,,,,,,,,,,,,,,,,,,,,,,,
18,,559,,,,,,,,,,,,0.5625,,3.162383794784546,0.0,0.7500230073928833,0.026080725714564323,0.0,3.1194276809692383,,,,,,,,,,,0.44999998807907104,1.0,0.949999988079071
,0.0004904122697447341,569,,,,,,,,,,,,,,,,,,,,,,,,,,,,,,,,
18,,569,,,,,,,,,,,,0.6875,,2.350022554397583,0.0,0.7630318999290466,0.0335686020553112,0.0,2.299285650253296,,,,,,,,,,,0.44999998807907104,1.0,0.949999988079071
,0.0004904122697447341,579,,,,,,,,,,,,,,,,,,,,,,,,,,,,,,,,
18,,579,,,,,,,,,,,,0.640625,,2.0241353511810303,0.0,0.7497726082801819,0.03068763017654419,0.0,1.976577877998352,,,,,,,,,,,0.44999998807907104,1.0,0.949999988079071
18,,588,,,,,,,,,,,,,,,,,,,,,0.0068506477400660515,0.5465393662452698,0.27193376421928406,2.6735262870788574,0.0,0.6799537539482117,0.0463656522333622,0.0,2.61186146736145,,,
18,,588,,,,,,,,,,,,,0.3225235939025879,,,,,,,,,,,,,,,,,,,
,0.00048788648778305075,589,,,,,,,,,,,,,,,,,,,,,,,,,,,,,,,,
19,,589,,,,,,,,,,,,0.734375,,2.130110502243042,0.0,0.770577073097229,0.034298330545425415,0.0,2.076547622680664,,,,,,,,,,,0.5,1.0,1.0
,0.00048788648778305075,599,,,,,,,,,,,,,,,,,,,,,,,,,,,,,,,,
19,,599,,,,,,,,,,,,0.546875,,2.594644069671631,0.0,0.7485792636871338,0.03537711128592491,0.0,2.5405526161193848,,,,,,,,,,,0.5,1.0,1.0
,0.00048788648778305075,609,,,,,,,,,,,,,,,,,,,,,,,,,,,,,,,,
19,,609,,,,,,,,,,,,0.59375,,2.7929258346557617,0.0,0.7563469409942627,0.04633110761642456,0.0,2.7276859283447266,,,,,,,,,,,0.5,1.0,1.0
,0.00048788648778305075,619,,,,,,,,,,,,,,,,,,,,,,,,,,,,,,,,
19,,619,,,,,,,,,,,,0.5555555820465088,,2.699742555618286,0.0,0.7655807733535767,0.026765018701553345,0.0,2.6538379192352295,,,,,,,,,,,0.5,1.0,1.0
19,,619,,,,,,,,,,,,,,,,,,,,,0.009329123422503471,0.5274463295936584,0.2945985496044159,2.7028887271881104,0.0,0.6807653307914734,0.05402442440390587,0.0,2.631845235824585,,,
19,,619,,,,,,,,,,,,,0.381798654794693,,,,,,,,,,,,,,,,,,,
,0.0004850739236445125,629,,,,,,,,,,,,,,,,,,,,,,,,,,,,,,,,
20,,629,,,,,,,,,,,,0.65625,,2.3504745960235596,0.0,0.773871898651123,0.06216001510620117,0.0,2.329193115234375,,,,,,,,,,,0.550000011920929,0.0,1.0
,0.0004850739236445125,639,,,,,,,,,,,,,,,,,,,,,,,,,,,,,,,,
20,,639,,,,,,,,,,,,0.71875,,2.1263673305511475,0.0,0.7502954006195068,0.16221319139003754,0.0,2.10573410987854,,,,,,,,,,,0.550000011920929,0.0,1.0
,0.0004850739236445125,649,,,,,,,,,,,,,,,,,,,,,,,,,,,,,,,,
20,,649,,,,,,,,,,,,0.640625,,2.495654821395874,0.0,0.7823876738548279,0.13196422159671783,0.0,2.4741392135620117,,,,,,,,,,,0.550000011920929,0.0,1.0
20,,650,,,,,,,,,,,,,,,,,,,,0.25,0.038439247757196426,0.5393794775009155,0.25703662633895874,2.6543731689453125,0.0,0.686847984790802,0.23384924232959747,0.0,2.6354849338531494,,,
20,,650,,,,,,,,,,,,,0.3633209466934204,,,,,,,,,,,,,,,,,,,
,0.0004819780040052801,659,,,,,,,,,,,,,,,,,,,,,,,,,,,,,,,,
21,,659,,,,,,,,,,,,0.75,,1.7645479440689087,0.0,0.7827334403991699,0.14221565425395966,0.0,1.7268444299697876,,,,,,,,,,,0.6000000238418579,0.10000000149011612,1.0
,0.0004819780040052801,669,,,,,,,,,,,,,,,,,,,,,,,,,,,,,,,,
21,,669,,,,,,,,,,,,0.671875,,2.3708479404449463,0.0,0.8088870048522949,0.17455139756202698,0.0,2.3291261196136475,,,,,,,,,,,0.6000000238418579,0.10000000149011612,1.0
,0.0004819780040052801,679,,,,,,,,,,,,,,,,,,,,,,,,,,,,,,,,
21,,679,,,,,,,,,,,,0.609375,,2.3647701740264893,0.0,0.7854129672050476,0.14457577466964722,0.0,2.3267502784729004,,,,,,,,,,,0.6000000238418579,0.10000000149011612,1.0
21,,681,,,,,,,,,,,,,,,,,,,,,0.041140563786029816,0.5298329591751099,0.31307700276374817,2.750096321105957,0.0,0.681277334690094,0.2696034610271454,0.0,2.702697992324829,,,
21,,681,,,,,,,,,,,,,0.4290848672389984,,,,,,,,,,,,,,,,,,,
,0.0004786025007665439,689,,,,,,,,,,,,,,,,,,,,,,,,,,,,,,,,
22,,689,,,,,,,,,,,,0.6875,,2.2859034538269043,0.0,0.7665364742279053,0.13151425123214722,0.0,2.2346882820129395,,,,,,,,,,,0.6499999761581421,0.20000000298023224,1.0
,0.0004786025007665439,699,,,,,,,,,,,,,,,,,,,,,,,,,,,,,,,,
22,,699,,,,,,,,,,,,0.640625,,2.186882257461548,0.0,0.7724764943122864,0.1129138395190239,0.0,2.1391940116882324,,,,,,,,,,,0.6499999761581421,0.20000000298023224,1.0
,0.0004786025007665439,709,,,,,,,,,,,,,,,,,,,,,,,,,,,,,,,,
22,,709,,,,,,,,,,,,0.71875,,2.722358226776123,0.0,0.7451918125152588,0.10754740238189697,0.0,2.6766300201416016,,,,,,,,,,,0.6499999761581421,0.20000000298023224,1.0
22,,712,,,,,,,,,,,,,,,,,,,,,0.0266274306923151,0.5417661070823669,0.31669163703918457,2.7194347381591797,0.0,0.6666247248649597,0.16189345717430115,0.0,2.665390968322754,,,
22,,712,,,,,,,,,,,,,0.4234105944633484,,,,,,,,,,,,,,,,,,,
,0.00047495152645904404,719,,,,,,,,,,,,,,,,,,,,,,,,,,,,,,,,
23,,719,,,,,,,,,,,,0.59375,,2.9349701404571533,0.0,0.7533976435661316,0.09885217994451523,0.0,2.8789455890655518,,,,,,,,,,,0.699999988079071,0.30000001192092896,1.0
,0.00047495152645904404,729,,,,,,,,,,,,,,,,,,,,,,,,,,,,,,,,
23,,729,,,,,,,,,,,,0.65625,,2.5336363315582275,0.0,0.7527153491973877,0.09104690700769424,0.0,2.4799771308898926,,,,,,,,,,,0.699999988079071,0.30000001192092896,1.0
,0.00047495152645904404,739,,,,,,,,,,,,,,,,,,,,,,,,,,,,,,,,
23,,739,,,,,,,,,,,,0.625,,2.050729990005493,0.0,0.7612097263336182,0.08820461481809616,0.0,1.9976263046264648,,,,,,,,,,,0.699999988079071,0.30000001192092896,1.0
23,,743,,,,,,,,,,,,,,,,,,,,,0.01986692100763321,0.5704057216644287,0.29019787907600403,2.7407500743865967,0.0,0.6804117560386658,0.125839501619339,0.0,2.6791837215423584,,,
23,,743,,,,,,,,,,,,,0.4387592077255249,,,,,,,,,,,,,,,,,,,
,0.00047102952923258466,749,,,,,,,,,,,,,,,,,,,,,,,,,,,,,,,,
24,,749,,,,,,,,,,,,0.703125,,1.8605958223342896,0.0,0.7524439096450806,0.10607999563217163,0.0,1.789947271347046,,,,,,,,,,,0.75,0.4000000059604645,1.0
,0.00047102952923258466,759,,,,,,,,,,,,,,,,,,,,,,,,,,,,,,,,
24,,759,,,,,,,,,,,,0.75,,2.156224250793457,0.0,0.7650814652442932,0.10232939571142197,0.0,2.086601972579956,,,,,,,,,,,0.75,0.4000000059604645,1.0
,0.00047102952923258466,769,,,,,,,,,,,,,,,,,,,,,,,,,,,,,,,,
24,,769,,,,,,,,,,,,0.625,,2.225935220718384,0.0,0.7762777805328369,0.09503356367349625,0.0,2.158811330795288,,,,,,,,,,,0.75,0.4000000059604645,1.0
24,,774,,,,,,,,,,,,,,,,,,,,,0.02457609586417675,0.5107398629188538,0.31815099716186523,3.0162763595581055,0.0,0.6855852007865906,0.16674655675888062,0.0,2.92386794090271,,,
24,,774,,,,,,,,,,,,,0.4627818465232849,,,,,,,,,,,,,,,,,,,
,0.0004668412874366488,779,,,,,,,,,,,,,,,,,,,,,,,,,,,,,,,,
25,,779,,,,,,,,,,,,0.6875,,2.507361888885498,0.0,0.7525280117988586,0.09249655157327652,0.0,2.4310126304626465,,,,,,,,,,,0.800000011920929,0.5,1.0
,0.0004668412874366488,789,,,,,,,,,,,,,,,,,,,,,,,,,,,,,,,,
25,,789,,,,,,,,,,,,0.703125,,2.2754602432250977,0.0,0.7658738493919373,0.07059500366449356,0.0,2.2095279693603516,,,,,,,,,,,0.800000011920929,0.5,1.0
,0.0004668412874366488,799,,,,,,,,,,,,,,,,,,,,,,,,,,,,,,,,
25,,799,,,,,,,,,,,,0.609375,,2.9927866458892822,0.0,0.7607449293136597,0.07195091247558594,0.0,2.9263813495635986,,,,,,,,,,,0.800000011920929,0.5,1.0
25,,805,,,,,,,,,,,,,,,,,,,,,0.020939473062753677,0.49164676666259766,0.30836257338523865,3.040961742401123,0.0,0.6812228560447693,0.13454043865203857,0.0,2.9464426040649414,,,
25,,805,,,,,,,,,,,,,0.4627753496170044,,,,,,,,,,,,,,,,,,,
,0.0004623919037987156,809,,,,,,,,,,,,,,,,,,,,,,,,,,,,,,,,
26,,809,,,,,,,,,,,,0.625,,2.5010933876037598,0.0,0.7548608779907227,0.10429602861404419,0.0,2.4064340591430664,,,,,,,,,,,0.8500000238418579,0.6000000238418579,1.0
,0.0004623919037987156,819,,,,,,,,,,,,,,,,,,,,,,,,,,,,,,,,
26,,819,,,,,,,,,,,,0.765625,,1.9552891254425049,0.0,0.7631018757820129,0.06654633581638336,0.0,1.8829294443130493,,,,,,,,,,,0.8500000238418579,0.6000000238418579,1.0
,0.0004623919037987156,829,,,,,,,,,,,,,,,,,,,,,,,,,,,,,,,,
26,,829,,,,,,,,,,,,0.75,,1.8535891771316528,0.0,0.7400019764900208,0.09550794214010239,0.0,1.7648344039916992,,,,,,,,,,,0.8500000238418579,0.6000000238418579,1.0
26,,836,,,,,,,,,,,,,,,,,,,,,0.020761732012033463,0.5274463295936584,0.2813170850276947,2.939911365509033,0.0,0.6873674988746643,0.13743214309215546,0.0,2.8282389640808105,,,
26,,836,,,,,,,,,,,,,0.47808903455734253,,,,,,,,,,,,,,,,,,,
,0.000457686799207373,839,,,,,,,,,,,,,,,,,,,,,,,,,,,,,,,,
27,,839,,,,,,,,,,,,0.78125,,2.1955947875976562,0.0,0.7484605312347412,0.08714725077152252,0.0,2.1009111404418945,,,,,,,,,,,0.8999999761581421,0.699999988079071,1.0
,0.000457686799207373,849,,,,,,,,,,,,,,,,,,,,,,,,,,,,,,,,
27,,849,,,,,,,,,,,,0.734375,,2.5133464336395264,0.0,0.7803213596343994,0.06148940324783325,0.0,2.4351892471313477,,,,,,,,,,,0.8999999761581421,0.699999988079071,1.0
,0.000457686799207373,859,,,,,,,,,,,,,,,,,,,,,,,,,,,,,,,,
27,,859,,,,,,,,,,,,0.65625,,2.025892734527588,0.0,0.7469488382339478,0.05885028839111328,0.0,1.951084852218628,,,,,,,,,,,0.8999999761581421,0.699999988079071,1.0
27,,867,,,,,,,,,,,,,,,,,,,,,0.023775670677423477,0.5202863812446594,0.304043710231781,3.0524885654449463,0.0,0.6811718344688416,0.1416221708059311,0.0,2.9227004051208496,,,
27,,867,,,,,,,,,,,,,0.5559953451156616,,,,,,,,,,,,,,,,,,,
,0.00045273170610779967,869,,,,,,,,,,,,,,,,,,,,,,,,,,,,,,,,
28,,869,,,,,,,,,,,,0.6875,,2.4292593002319336,0.0,0.7586438059806824,0.08420715481042862,0.0,2.3258581161499023,,,,,,,,,,,0.949999988079071,0.800000011920929,1.0
,0.00045273170610779967,879,,,,,,,,,,,,,,,,,,,,,,,,,,,,,,,,
28,,879,,,,,,,,,,,,0.75,,2.2087950706481934,0.0,0.7733992338180542,0.04979239031672478,0.0,2.1322245597839355,,,,,,,,,,,0.949999988079071,0.800000011920929,1.0
,0.00045273170610779967,889,,,,,,,,,,,,,,,,,,,,,,,,,,,,,,,,
28,,889,,,,,,,,,,,,0.703125,,2.244755268096924,0.0,0.7751110196113586,0.11167051643133163,0.0,2.118601083755493,,,,,,,,,,,0.949999988079071,0.800000011920929,1.0
28,,898,,,,,,,,,,,,,,,,,,,,,0.014991412870585918,0.5823389291763306,0.2897261083126068,2.938389778137207,0.0,0.6944748759269714,0.08882398903369904,0.0,2.8343427181243896,,,
28,,898,,,,,,,,,,,,,0.5460759997367859,,,,,,,,,,,,,,,,,,,
,0.0004475326615176639,899,,,,,,,,,,,,,,,,,,,,,,,,,,,,,,,,
29,,899,,,,,,,,,,,,0.703125,,2.392246723175049,0.0,0.7875349521636963,0.056976575404405594,0.0,2.301591157913208,,,,,,,,,,,1.0,0.8999999761581421,1.0
,0.0004475326615176639,909,,,,,,,,,,,,,,,,,,,,,,,,,,,,,,,,
29,,909,,,,,,,,,,,,0.703125,,2.4396190643310547,0.0,0.7374627590179443,0.08507820218801498,0.0,2.3261756896972656,,,,,,,,,,,1.0,0.8999999761581421,1.0
,0.0004475326615176639,919,,,,,,,,,,,,,,,,,,,,,,,,,,,,,,,,
29,,919,,,,,,,,,,,,0.84375,,1.8384625911712646,0.0,0.754602313041687,0.08036720007658005,0.0,1.728402018547058,,,,,,,,,,,1.0,0.8999999761581421,1.0
,0.0004475326615176639,929,,,,,,,,,,,,,,,,,,,,,,,,,,,,,,,,
29,,929,,,,,,,,,,,,0.7222222089767456,,1.8828372955322266,0.0,0.7363432049751282,0.057085614651441574,0.0,1.7946430444717407,,,,,,,,,,,1.0,0.8999999761581421,1.0
29,,929,,,,,,,,,,,,,,,,,,,,,0.015737086534500122,0.5035799741744995,0.26019734144210815,3.166898727416992,0.0,0.678448498249054,0.0952593982219696,0.0,3.0472426414489746,,,
29,,929,,,,,,,,,,,,,0.5815948247909546,,,,,,,,,,,,,,,,,,,
,0.0004420959996719472,939,,,,,,,,,,,,,,,,,,,,,,,,,,,,,,,,
30,,939,,,,,,,,,,,,0.78125,,1.8449420928955078,0.0,0.7371519804000854,0.07624801993370056,0.0,1.7318364381790161,,,,,,,,,,,1.0,1.0,1.0
,0.0004420959996719472,949,,,,,,,,,,,,,,,,,,,,,,,,,,,,,,,,
30,,949,,,,,,,,,,,,0.71875,,2.3219997882843018,0.0,0.7912882566452026,0.04720165953040123,0.0,2.235233783721924,,,,,,,,,,,1.0,1.0,1.0
,0.0004420959996719472,959,,,,,,,,,,,,,,,,,,,,,,,,,,,,,,,,
30,,959,,,,,,,,,,,,0.65625,,2.236454486846924,0.0,0.7509106397628784,0.0831233337521553,0.0,2.115785598754883,,,,,,,,,,,1.0,1.0,1.0
30,,960,,,,,,,,,,,,,,,,,,,,0.5,0.01586827076971531,0.5011933445930481,0.30120670795440674,3.1049611568450928,0.0,0.6774870157241821,0.0991092398762703,0.0,2.971977472305298,,,
30,,960,,,,,,,,,,,,,0.5449394583702087,,,,,,,,,,,,,,,,,,,
,0.0004364283443056552,969,,,,,,,,,,,,,,,,,,,,,,,,,,,,,,,,
31,,969,,,,,,,,,,,,0.765625,,1.9485609531402588,0.0,0.8053014278411865,0.05823509022593498,0.0,1.8500608205795288,,,,,,,,,,,1.0,1.0,1.0
,0.0004364283443056552,979,,,,,,,,,,,,,,,,,,,,,,,,,,,,,,,,
31,,979,,,,,,,,,,,,0.734375,,2.0888803005218506,0.0,0.7552363276481628,0.043392036110162735,0.0,2.0077264308929443,,,,,,,,,,,1.0,1.0,1.0
,0.0004364283443056552,989,,,,,,,,,,,,,,,,,,,,,,,,,,,,,,,,
31,,989,,,,,,,,,,,,0.640625,,2.1060168743133545,0.0,0.7504123449325562,0.054605331271886826,0.0,2.0138909816741943,,,,,,,,,,,1.0,1.0,1.0
31,,991,,,,,,,,,,,,,,,,,,,,,0.016219764947891235,0.5226730108261108,0.27508944272994995,3.1335361003875732,0.0,0.6861461400985718,0.09714289754629135,0.0,3.0020859241485596,,,
31,,991,,,,,,,,,,,,,0.5734924674034119,,,,,,,,,,,,,,,,,,,
,0.00043053660058381627,999,,,,,,,,,,,,,,,,,,,,,,,,,,,,,,,,
32,,999,,,,,,,,,,,,0.703125,,2.363636016845703,0.0,0.7684687376022339,0.052589334547519684,0.0,2.272623062133789,,,,,,,,,,,1.0,1.0,1.0
,0.00043053660058381627,1009,,,,,,,,,,,,,,,,,,,,,,,,,,,,,,,,
32,,1009,,,,,,,,,,,,0.75,,1.9160945415496826,0.0,0.7589003443717957,0.0630609393119812,0.0,1.8150885105133057,,,,,,,,,,,1.0,1.0,1.0
,0.00043053660058381627,1019,,,,,,,,,,,,,,,,,,,,,,,,,,,,,,,,
32,,1019,,,,,,,,,,,,0.640625,,2.009334087371826,0.0,0.7259840369224548,0.057808782905340195,0.0,1.9152262210845947,,,,,,,,,,,1.0,1.0,1.0
32,,1022,,,,,,,,,,,,,,,,,,,,,0.015214557759463787,0.5155131220817566,0.2738030254840851,3.137906551361084,0.0,0.6870438456535339,0.10285112261772156,0.0,3.0007030963897705,,,
32,,1022,,,,,,,,,,,,,0.62201988697052,,,,,,,,,,,,,,,,,,,
,0.0004244279466886019,1029,,,,,,,,,,,,,,,,,,,,,,,,,,,,,,,,
33,,1029,,,,,,,,,,,,0.78125,,1.8880159854888916,0.0,0.7390170097351074,0.06721530109643936,0.0,1.783849835395813,,,,,,,,,,,1.0,1.0,1.0
,0.0004244279466886019,1039,,,,,,,,,,,,,,,,,,,,,,,,,,,,,,,,
33,,1039,,,,,,,,,,,,0.703125,,2.2731142044067383,0.0,0.7216132879257202,0.06629272550344467,0.0,2.170740842819214,,,,,,,,,,,1.0,1.0,1.0
,0.0004244279466886019,1049,,,,,,,,,,,,,,,,,,,,,,,,,,,,,,,,
33,,1049,,,,,,,,,,,,0.734375,,1.9731723070144653,0.0,0.7436975836753845,0.06231733784079552,0.0,1.8736701011657715,,,,,,,,,,,1.0,1.0,1.0
33,,1053,,,,,,,,,,,,,,,,,,,,,0.014993207529187202,0.5202863812446594,0.24475857615470886,3.2062129974365234,0.0,0.6863742470741272,0.09992598742246628,0.0,3.0719685554504395,,,
33,,1053,,,,,,,,,,,,,0.6566401124000549,,,,,,,,,,,,,,,,,,,
,0.00041810982507381754,1059,,,,,,,,,,,,,,,,,,,,,,,,,,,,,,,,
34,,1059,,,,,,,,,,,,0.84375,,1.7048267126083374,0.0,0.7149844169616699,0.07609811425209045,0.0,1.5929794311523438,,,,,,,,,,,1.0,1.0,1.0
,0.00041810982507381754,1069,,,,,,,,,,,,,,,,,,,,,,,,,,,,,,,,
34,,1069,,,,,,,,,,,,0.71875,,1.839246153831482,0.0,0.7085113525390625,0.06375836580991745,0.0,1.7400622367858887,,,,,,,,,,,1.0,1.0,1.0
,0.00041810982507381754,1079,,,,,,,,,,,,,,,,,,,,,,,,,,,,,,,,
34,,1079,,,,,,,,,,,,0.671875,,2.367055654525757,0.0,0.7637662291526794,0.07507975399494171,0.0,2.2537877559661865,,,,,,,,,,,1.0,1.0,1.0
34,,1084,,,,,,,,,,,,,,,,,,,,,0.015472750179469585,0.4773269593715668,0.33419567346572876,3.223400831222534,0.0,0.679942786693573,0.10159046947956085,0.0,3.087813377380371,,,
34,,1084,,,,,,,,,,,,,0.6386610269546509,,,,,,,,,,,,,,,,,,,
,0.0004115899333974186,1089,,,,,,,,,,,,,,,,,,,,,,,,,,,,,,,,
35,,1089,,,,,,,,,,,,0.671875,,1.96059250831604,0.0,0.7414916753768921,0.07973363250494003,0.0,1.8437843322753906,,,,,,,,,,,1.0,1.0,1.0
,0.0004115899333974186,1099,,,,,,,,,,,,,,,,,,,,,,,,,,,,,,,,
35,,1099,,,,,,,,,,,,0.765625,,1.9317846298217773,0.0,0.7488904595375061,0.04768092930316925,0.0,1.8466591835021973,,,,,,,,,,,1.0,1.0,1.0
,0.0004115899333974186,1109,,,,,,,,,,,,,,,,,,,,,,,,,,,,,,,,
35,,1109,,,,,,,,,,,,0.734375,,2.0087246894836426,0.0,0.7526090145111084,0.061160314828157425,0.0,1.9099338054656982,,,,,,,,,,,1.0,1.0,1.0
35,,1115,,,,,,,,,,,,,,,,,,,,,0.01287330873310566,0.517899751663208,0.26777729392051697,3.1996877193450928,0.0,0.6819459199905396,0.09391388297080994,0.0,3.07167649269104,,,
35,,1115,,,,,,,,,,,,,0.6799108982086182,,,,,,,,,,,,,,,,,,,
,0.0004048762151431006,1119,,,,,,,,,,,,,,,,,,,,,,,,,,,,,,,,
36,,1119,,,,,,,,,,,,0.734375,,1.7005923986434937,0.0,0.729741632938385,0.06335831433534622,0.0,1.600746989250183,,,,,,,,,,,1.0,1.0,1.0
,0.0004048762151431006,1129,,,,,,,,,,,,,,,,,,,,,,,,,,,,,,,,
36,,1129,,,,,,,,,,,,0.6875,,2.277128219604492,0.0,0.7267347574234009,0.057729531079530716,0.0,2.1830620765686035,,,,,,,,,,,1.0,1.0,1.0
,0.0004048762151431006,1139,,,,,,,,,,,,,,,,,,,,,,,,,,,,,,,,
36,,1139,,,,,,,,,,,,0.8125,,1.7130895853042603,0.0,0.7550261616706848,0.06845226883888245,0.0,1.6068860292434692,,,,,,,,,,,1.0,1.0,1.0
36,,1146,,,,,,,,,,,,,,,,,,,,,0.015017552301287651,0.5202863812446594,0.24640631675720215,3.206592321395874,0.0,0.6901595592498779,0.10351289063692093,0.0,3.068570852279663,,,
36,,1146,,,,,,,,,,,,,0.6734578609466553,,,,,,,,,,,,,,,,,,,
,0.0003979768499423873,1149,,,,,,,,,,,,,,,,,,,,,,,,,,,,,,,,
37,,1149,,,,,,,,,,,,0.828125,,2.0645525455474854,0.0,0.7757571935653687,0.09903524816036224,0.0,1.926729440689087,,,,,,,,,,,1.0,1.0,1.0
,0.0003979768499423873,1159,,,,,,,,,,,,,,,,,,,,,,,,,,,,,,,,
37,,1159,,,,,,,,,,,,0.859375,,1.8284754753112793,0.0,0.7175988554954529,0.09449752420186996,0.0,1.6980979442596436,,,,,,,,,,,1.0,1.0,1.0
,0.0003979768499423873,1169,,,,,,,,,,,,,,,,,,,,,,,,,,,,,,,,
37,,1169,,,,,,,,,,,,0.765625,,2.006566286087036,0.0,0.7503640651702881,0.046456336975097656,0.0,1.9225918054580688,,,,,,,,,,,1.0,1.0,1.0
37,,1177,,,,,,,,,,,,,,,,,,,,,0.009972373954951763,0.5083532333374023,0.2764354646205902,3.250547409057617,0.0,0.6786253452301025,0.06424562633037567,0.0,3.1523702144622803,,,
37,,1177,,,,,,,,,,,,,0.6779797673225403,,,,,,,,,,,,,,,,,,,
,0.00039090024360901,1179,,,,,,,,,,,,,,,,,,,,,,,,,,,,,,,,
38,,1179,,,,,,,,,,,,0.75,,1.9893662929534912,0.0,0.7459263205528259,0.05322110652923584,0.0,1.8988488912582397,,,,,,,,,,,1.0,1.0,1.0
,0.00039090024360901,1189,,,,,,,,,,,,,,,,,,,,,,,,,,,,,,,,
38,,1189,,,,,,,,,,,,0.84375,,1.7378185987472534,0.0,0.7391127347946167,0.0579296238720417,0.0,1.6429333686828613,,,,,,,,,,,1.0,1.0,1.0
,0.00039090024360901,1199,,,,,,,,,,,,,,,,,,,,,,,,,,,,,,,,
38,,1199,,,,,,,,,,,,0.671875,,2.008744716644287,0.0,0.7781336903572083,0.08716113120317459,0.0,1.8826769590377808,,,,,,,,,,,1.0,1.0,1.0
38,,1208,,,,,,,,,,,,,,,,,,,,,0.011076018214225769,0.5346062183380127,0.2845242917537689,3.195807456970215,0.0,0.6939202547073364,0.07931429147720337,0.0,3.0817975997924805,,,
38,,1208,,,,,,,,,,,,,0.754073441028595,,,,,,,,,,,,,,,,,,,
,0.00038365501789771835,1209,,,,,,,,,,,,,,,,,,,,,,,,,,,,,,,,
39,,1209,,,,,,,,,,,,0.859375,,1.5993714332580566,0.0,0.7657058835029602,0.04869503900408745,0.0,1.5123910903930664,,,,,,,,,,,1.0,1.0,1.0
,0.00038365501789771835,1219,,,,,,,,,,,,,,,,,,,,,,,,,,,,,,,,
39,,1219,,,,,,,,,,,,0.875,,1.3937063217163086,0.0,0.7672902345657349,0.06333815306425095,0.0,1.2920036315917969,,,,,,,,,,,1.0,1.0,1.0
,0.00038365501789771835,1229,,,,,,,,,,,,,,,,,,,,,,,,,,,,,,,,
39,,1229,,,,,,,,,,,,0.796875,,1.5213837623596191,0.0,0.7940852046012878,0.04591371864080429,0.0,1.4357658624649048,,,,,,,,,,,1.0,1.0,1.0
,0.00038365501789771835,1239,,,,,,,,,,,,,,,,,,,,,,,,,,,,,,,,
39,,1239,,,,,,,,,,,,0.694444477558136,,1.9401843547821045,0.0,0.8410016894340515,0.09426859021186829,0.0,1.803865671157837,,,,,,,,,,,1.0,1.0,1.0
39,,1239,,,,,,,,,,,,,,,,,,,,,0.013966062106192112,0.49164676666259766,0.278164803981781,3.5341989994049072,0.0,0.7043625712394714,0.10005306452512741,0.0,3.398928165435791,,,
39,,1239,,,,,,,,,,,,,0.7535954117774963,,,,,,,,,,,,,,,,,,,
,0.0003762500000000001,1249,,,,,,,,,,,,,,,,,,,,,,,,,,,,,,,,
40,,1249,,,,,,,,,,,,0.859375,,1.6489216089248657,0.0,0.7458428740501404,0.07088913023471832,0.0,1.6116294860839844,,,,,,,,,,,1.0,0.0,1.0
,0.0003762500000000001,1259,,,,,,,,,,,,,,,,,,,,,,,,,,,,,,,,
40,,1259,,,,,,,,,,,,0.828125,,1.6270381212234497,0.0,0.7485231757164001,0.11405765265226364,0.0,1.5896120071411133,,,,,,,,,,,1.0,0.0,1.0
,0.0003762500000000001,1269,,,,,,,,,,,,,,,,,,,,,,,,,,,,,,,,
40,,1269,,,,,,,,,,,,0.71875,,1.6530855894088745,0.0,0.7718604803085327,0.1615597903728485,0.0,1.6144925355911255,,,,,,,,,,,1.0,0.0,1.0
40,,1270,,,,,,,,,,,,,,,,,,,,0.25,0.02904152311384678,0.49164676666259766,0.2612401843070984,3.3427541255950928,0.0,0.6687769889831543,0.2115173637866974,0.0,3.3093154430389404,,,
40,,1270,,,,,,,,,,,,,0.7684731483459473,,,,,,,,,,,,,,,,,,,
,0.00036869421178950805,1279,,,,,,,,,,,,,,,,,,,,,,,,,,,,,,,,
41,,1279,,,,,,,,,,,,0.90625,,1.3931910991668701,0.0,0.7759767770767212,0.15461888909339905,0.0,1.338930368423462,,,,,,,,,,,1.0,0.10000000149011612,1.0
,0.00036869421178950805,1289,,,,,,,,,,,,,,,,,,,,,,,,,,,,,,,,
41,,1289,,,,,,,,,,,,0.84375,,1.5430686473846436,0.0,0.7761735916137695,0.15039433538913727,0.0,1.4892204999923706,,,,,,,,,,,1.0,0.10000000149011612,1.0
,0.00036869421178950805,1299,,,,,,,,,,,,,,,,,,,,,,,,,,,,,,,,
41,,1299,,,,,,,,,,,,0.671875,,1.6443133354187012,0.0,0.7483181357383728,0.1634853333234787,0.0,1.5905489921569824,,,,,,,,,,,1.0,0.10000000149011612,1.0
41,,1301,,,,,,,,,,,,,,,,,,,,,0.02638150192797184,0.5298329591751099,0.25355836749076843,3.1870391368865967,0.0,0.686819314956665,0.17099244892597198,0.0,3.13559889793396,,,
41,,1301,,,,,,,,,,,,,0.7537821531295776,,,,,,,,,,,,,,,,,,,
,0.00036099685883029674,1309,,,,,,,,,,,,,,,,,,,,,,,,,,,,,,,,
42,,1309,,,,,,,,,,,,0.90625,,1.3365200757980347,0.0,0.7007836103439331,0.15349499881267548,0.0,1.2707818746566772,,,,,,,,,,,1.0,0.20000000298023224,1.0
,0.00036099685883029674,1319,,,,,,,,,,,,,,,,,,,,,,,,,,,,,,,,
42,,1319,,,,,,,,,,,,0.765625,,1.6459639072418213,0.0,0.7848743796348572,0.1334923654794693,0.0,1.5800217390060425,,,,,,,,,,,1.0,0.20000000298023224,1.0
,0.00036099685883029674,1329,,,,,,,,,,,,,,,,,,,,,,,,,,,,,,,,
42,,1329,,,,,,,,,,,,0.8125,,1.4202861785888672,0.0,0.7471345067024231,0.11869940906763077,0.0,1.359189510345459,,,,,,,,,,,1.0,0.20000000298023224,1.0
42,,1332,,,,,,,,,,,,,,,,,,,,,0.021785693243145943,0.577565610408783,0.2796190083026886,3.17759370803833,0.0,0.6906926035881042,0.14507298171520233,0.0,3.114044189453125,,,
42,,1332,,,,,,,,,,,,,0.7779268622398376,,,,,,,,,,,,,,,,,,,
,0.0003531673191612606,1339,,,,,,,,,,,,,,,,,,,,,,,,,,,,,,,,
43,,1339,,,,,,,,,,,,0.921875,,1.3767861127853394,0.0,0.7825312614440918,0.13047990202903748,0.0,1.2985156774520874,,,,,,,,,,,1.0,0.30000001192092896,1.0
,0.0003531673191612606,1349,,,,,,,,,,,,,,,,,,,,,,,,,,,,,,,,
43,,1349,,,,,,,,,,,,0.90625,,1.257021427154541,0.0,0.7779684066772461,0.08725249022245407,0.0,1.1919472217559814,,,,,,,,,,,1.0,0.30000001192092896,1.0
,0.0003531673191612606,1359,,,,,,,,,,,,,,,,,,,,,,,,,,,,,,,,
43,,1359,,,,,,,,,,,,0.859375,,1.7187557220458984,0.0,0.7717408537864685,0.11785204708576202,0.0,1.644813060760498,,,,,,,,,,,1.0,0.30000001192092896,1.0
43,,1363,,,,,,,,,,,,,,,,,,,,,0.020047646015882492,0.5369928479194641,0.3132955729961395,3.092567205429077,0.0,0.6674121618270874,0.12864802777767181,0.0,3.0206024646759033,,,
43,,1363,,,,,,,,,,,,,0.7823808193206787,,,,,,,,,,,,,,,,,,,
,0.0003452151318704383,1369,,,,,,,,,,,,,,,,,,,,,,,,,,,,,,,,
44,,1369,,,,,,,,,,,,0.875,,1.423109531402588,0.0,0.7731483578681946,0.11334426701068878,0.0,1.3391144275665283,,,,,,,,,,,1.0,0.4000000059604645,1.0
,0.0003452151318704383,1379,,,,,,,,,,,,,,,,,,,,,,,,,,,,,,,,
44,,1379,,,,,,,,,,,,0.765625,,1.7796136140823364,0.0,0.7714362740516663,0.09953995794057846,0.0,1.701225757598877,,,,,,,,,,,1.0,0.4000000059604645,1.0
,0.0003452151318704383,1389,,,,,,,,,,,,,,,,,,,,,,,,,,,,,,,,
44,,1389,,,,,,,,,,,,0.859375,,1.3732315301895142,0.0,0.7457210421562195,0.08219724148511887,0.0,1.303066611289978,,,,,,,,,,,1.0,0.4000000059604645,1.0
44,,1394,,,,,,,,,,,,,,,,,,,,,0.01689942553639412,0.5417661070823669,0.2815580666065216,3.2433297634124756,0.0,0.6841161251068115,0.11143149435520172,0.0,3.164551019668579,,,
44,,1394,,,,,,,,,,,,,0.7996583580970764,,,,,,,,,,,,,,,,,,,
,0.0003371499854731031,1399,,,,,,,,,,,,,,,,,,,,,,,,,,,,,,,,
45,,1399,,,,,,,,,,,,0.78125,,1.7830291986465454,0.0,0.749104380607605,0.10894151031970978,0.0,1.691103219985962,,,,,,,,,,,1.0,0.5,1.0
,0.0003371499854731031,1409,,,,,,,,,,,,,,,,,,,,,,,,,,,,,,,,
45,,1409,,,,,,,,,,,,0.875,,1.5469017028808594,0.0,0.7416455149650574,0.08348055928945541,0.0,1.4680790901184082,,,,,,,,,,,1.0,0.5,1.0
,0.0003371499854731031,1419,,,,,,,,,,,,,,,,,,,,,,,,,,,,,,,,
45,,1419,,,,,,,,,,,,0.78125,,1.590065598487854,0.0,0.7620365619659424,0.0804070457816124,0.0,1.5117602348327637,,,,,,,,,,,1.0,0.5,1.0
45,,1425,,,,,,,,,,,,,,,,,,,,,0.013820943422615528,0.5274463295936584,0.2676852345466614,3.3140478134155273,0.0,0.6798256039619446,0.09826865792274475,0.0,3.2309224605560303,,,
45,,1425,,,,,,,,,,,,,0.7779964804649353,,,,,,,,,,,,,,,,,,,
,0.00032898170610779956,1429,,,,,,,,,,,,,,,,,,,,,,,,,,,,,,,,
46,,1429,,,,,,,,,,,,0.859375,,1.3541233539581299,0.0,0.7264091372489929,0.09103676676750183,0.0,1.2631808519363403,,,,,,,,,,,1.0,0.6000000238418579,1.0
,0.00032898170610779956,1439,,,,,,,,,,,,,,,,,,,,,,,,,,,,,,,,
46,,1439,,,,,,,,,,,,0.84375,,1.3381688594818115,0.0,0.7558587193489075,0.07181614637374878,0.0,1.2572863101959229,,,,,,,,,,,1.0,0.6000000238418579,1.0
,0.00032898170610779956,1449,,,,,,,,,,,,,,,,,,,,,,,,,,,,,,,,
46,,1449,,,,,,,,,,,,0.828125,,1.4909034967422485,0.0,0.758350670337677,0.08351733535528183,0.0,1.402875542640686,,,,,,,,,,,1.0,0.6000000238418579,1.0
46,,1456,,,,,,,,,,,,,,,,,,,,,0.013529155403375626,0.5513126254081726,0.2502978444099426,3.3827691078186035,0.0,0.6863501071929932,0.09040059894323349,0.0,3.2942113876342773,,,
46,,1456,,,,,,,,,,,,,0.7931530475616455,,,,,,,,,,,,,,,,,,,
,0.00032072024556470733,1459,,,,,,,,,,,,,,,,,,,,,,,,,,,,,,,,
47,,1459,,,,,,,,,,,,0.9375,,1.5271365642547607,0.0,0.7859072685241699,0.11567162722349167,0.0,1.4068710803985596,,,,,,,,,,,1.0,0.699999988079071,1.0
,0.00032072024556470733,1469,,,,,,,,,,,,,,,,,,,,,,,,,,,,,,,,
47,,1469,,,,,,,,,,,,0.90625,,1.424414873123169,0.0,0.7693898677825928,0.06404625624418259,0.0,1.3411130905151367,,,,,,,,,,,1.0,0.699999988079071,1.0
,0.00032072024556470733,1479,,,,,,,,,,,,,,,,,,,,,,,,,,,,,,,,
47,,1479,,,,,,,,,,,,0.734375,,1.6965453624725342,0.0,0.7448851466178894,0.08802627772092819,0.0,1.5976827144622803,,,,,,,,,,,1.0,0.699999988079071,1.0
47,,1487,,,,,,,,,,,,,,,,,,,,,0.01329810731112957,0.5465393662452698,0.2688312530517578,3.378926992416382,0.0,0.6878280639648438,0.09137459844350815,0.0,3.280573606491089,,,
47,,1487,,,,,,,,,,,,,0.7988865971565247,,,,,,,,,,,,,,,,,,,
,0.0003123756691609178,1489,,,,,,,,,,,,,,,,,,,,,,,,,,,,,,,,
48,,1489,,,,,,,,,,,,0.921875,,1.5389316082000732,0.0,0.7129069566726685,0.09721976518630981,0.0,1.4255104064941406,,,,,,,,,,,1.0,0.800000011920929,1.0
,0.0003123756691609178,1499,,,,,,,,,,,,,,,,,,,,,,,,,,,,,,,,
48,,1499,,,,,,,,,,,,0.890625,,1.814439058303833,0.0,0.7378813624382019,0.08212381601333618,0.0,1.711845874786377,,,,,,,,,,,1.0,0.800000011920929,1.0
,0.0003123756691609178,1509,,,,,,,,,,,,,,,,,,,,,,,,,,,,,,,,
48,,1509,,,,,,,,,,,,0.875,,1.5021178722381592,0.0,0.7461508512496948,0.08250676095485687,0.0,1.3988049030303955,,,,,,,,,,,1.0,0.800000011920929,1.0
48,,1518,,,,,,,,,,,,,,,,,,,,,0.011716056615114212,0.5632458329200745,0.27848753333091736,3.295079469680786,0.0,0.6871292591094971,0.07472233474254608,0.0,3.2009451389312744,,,
48,,1518,,,,,,,,,,,,,0.7918267846107483,,,,,,,,,,,,,,,,,,,
,0.0003039581434773955,1519,,,,,,,,,,,,,,,,,,,,,,,,,,,,,,,,
49,,1519,,,,,,,,,,,,0.875,,1.25339937210083,0.0,0.7505348920822144,0.04749315604567528,0.0,1.1731288433074951,,,,,,,,,,,1.0,0.8999999761581421,1.0
,0.0003039581434773955,1529,,,,,,,,,,,,,,,,,,,,,,,,,,,,,,,,
49,,1529,,,,,,,,,,,,0.9375,,1.2683666944503784,0.0,0.7671989798545837,0.0762854591012001,0.0,1.1613497734069824,,,,,,,,,,,1.0,0.8999999761581421,1.0
,0.0003039581434773955,1539,,,,,,,,,,,,,,,,,,,,,,,,,,,,,,,,
49,,1539,,,,,,,,,,,,0.875,,1.24887216091156,0.0,0.7311350703239441,0.07132741063833237,0.0,1.1481207609176636,,,,,,,,,,,1.0,0.8999999761581421,1.0
,0.0003039581434773955,1549,,,,,,,,,,,,,,,,,,,,,,,,,,,,,,,,
49,,1549,,,,,,,,,,,,0.8888888955116272,,1.5871081352233887,0.0,0.7402319312095642,0.08495916426181793,0.0,1.4736332893371582,,,,,,,,,,,1.0,0.8999999761581421,1.0
49,,1549,,,,,,,,,,,,,,,,,,,,,0.012364327907562256,0.5441527366638184,0.26711687445640564,3.3845770359039307,0.0,0.6892640590667725,0.07624822109937668,0.0,3.2814903259277344,,,
49,,1549,,,,,,,,,,,,,0.8274623155593872,,,,,,,,,,,,,,,,,,,
,0.00029547792397256533,1559,,,,,,,,,,,,,,,,,,,,,,,,,,,,,,,,
50,,1559,,,,,,,,,,,,0.875,,1.3287307024002075,0.0,0.7773621678352356,0.07010199129581451,0.0,1.2197606563568115,,,,,,,,,,,1.0,1.0,1.0
,0.00029547792397256533,1569,,,,,,,,,,,,,,,,,,,,,,,,,,,,,,,,
50,,1569,,,,,,,,,,,,0.84375,,1.4834551811218262,0.0,0.7600299119949341,0.062046732753515244,0.0,1.3834068775177002,,,,,,,,,,,1.0,1.0,1.0
,0.00029547792397256533,1579,,,,,,,,,,,,,,,,,,,,,,,,,,,,,,,,
50,,1579,,,,,,,,,,,,0.78125,,1.4978785514831543,0.0,0.7680215239524841,0.06510470062494278,0.0,1.3943727016448975,,,,,,,,,,,1.0,1.0,1.0
50,,1580,,,,,,,,,,,,,,,,,,,,0.5,0.00847917515784502,0.5417661070823669,0.26128605008125305,3.366135835647583,0.0,0.6812167763710022,0.05710804834961891,0.0,3.2749667167663574,,,
50,,1580,,,,,,,,,,,,,0.7775736451148987,,,,,,,,,,,,,,,,,,,
,0.00028694534248761627,1589,,,,,,,,,,,,,,,,,,,,,,,,,,,,,,,,
51,,1589,,,,,,,,,,,,0.875,,1.3990898132324219,0.0,0.7401570677757263,0.044444482773542404,0.0,1.31763756275177,,,,,,,,,,,1.0,1.0,1.0
,0.00028694534248761627,1599,,,,,,,,,,,,,,,,,,,,,,,,,,,,,,,,
51,,1599,,,,,,,,,,,,0.828125,,1.4208438396453857,0.0,0.7444542050361633,0.07142851501703262,0.0,1.3121925592422485,,,,,,,,,,,1.0,1.0,1.0
,0.00028694534248761627,1609,,,,,,,,,,,,,,,,,,,,,,,,,,,,,,,,
51,,1609,,,,,,,,,,,,0.859375,,1.457531213760376,0.0,0.774441659450531,0.05925386771559715,0.0,1.3595553636550903,,,,,,,,,,,1.0,1.0,1.0
51,,1611,,,,,,,,,,,,,,,,,,,,,0.009591392241418362,0.5369928479194641,0.25700241327285767,3.3565304279327393,0.0,0.6884005665779114,0.06087227165699005,0.0,3.2612385749816895,,,
51,,1611,,,,,,,,,,,,,0.7903724312782288,,,,,,,,,,,,,,,,,,,
,0.0002783707946587443,1619,,,,,,,,,,,,,,,,,,,,,,,,,,,,,,,,
52,,1619,,,,,,,,,,,,0.84375,,1.34174644947052,0.0,0.7630012631416321,0.05613359436392784,0.0,1.2474627494812012,,,,,,,,,,,1.0,1.0,1.0
,0.0002783707946587443,1629,,,,,,,,,,,,,,,,,,,,,,,,,,,,,,,,
52,,1629,,,,,,,,,,,,0.828125,,1.5400229692459106,0.0,0.7815511226654053,0.06350528448820114,0.0,1.4374401569366455,,,,,,,,,,,1.0,1.0,1.0
,0.0002783707946587443,1639,,,,,,,,,,,,,,,,,,,,,,,,,,,,,,,,
52,,1639,,,,,,,,,,,,0.796875,,1.6861927509307861,0.0,0.7197834849357605,0.07451345771551132,0.0,1.5756901502609253,,,,,,,,,,,1.0,1.0,1.0
52,,1642,,,,,,,,,,,,,,,,,,,,,0.00913583766669035,0.560859203338623,0.26182159781455994,3.4101064205169678,0.0,0.6781245470046997,0.059485405683517456,0.0,3.3167150020599365,,,
52,,1642,,,,,,,,,,,,,0.802675187587738,,,,,,,,,,,,,,,,,,,
,0.0002697647272516711,1649,,,,,,,,,,,,,,,,,,,,,,,,,,,,,,,,
53,,1649,,,,,,,,,,,,0.875,,1.3994958400726318,0.0,0.7737559080123901,0.06587208807468414,0.0,1.294935941696167,,,,,,,,,,,1.0,1.0,1.0
,0.0002697647272516711,1659,,,,,,,,,,,,,,,,,,,,,,,,,,,,,,,,
53,,1659,,,,,,,,,,,,0.890625,,1.439340591430664,0.0,0.7506287693977356,0.058933477848768234,0.0,1.342875599861145,,,,,,,,,,,1.0,1.0,1.0
,0.0002697647272516711,1669,,,,,,,,,,,,,,,,,,,,,,,,,,,,,,,,
53,,1669,,,,,,,,,,,,0.796875,,1.8382925987243652,0.0,0.7432206273078918,0.05353706702589989,0.0,1.7475945949554443,,,,,,,,,,,1.0,1.0,1.0
53,,1673,,,,,,,,,,,,,,,,,,,,,0.009164664894342422,0.5131264925003052,0.2546527087688446,3.4931211471557617,0.0,0.6725602746009827,0.05917132645845413,0.0,3.4003219604492188,,,
53,,1673,,,,,,,,,,,,,0.8072282671928406,,,,,,,,,,,,,,,,,,,
,0.0002611376254338691,1679,,,,,,,,,,,,,,,,,,,,,,,,,,,,,,,,
54,,1679,,,,,,,,,,,,0.90625,,1.254035234451294,0.0,0.7151803374290466,0.06049089506268501,0.0,1.157785415649414,,,,,,,,,,,1.0,1.0,1.0
,0.0002611376254338691,1689,,,,,,,,,,,,,,,,,,,,,,,,,,,,,,,,
54,,1689,,,,,,,,,,,,0.828125,,1.5819815397262573,0.0,0.743794858455658,0.06966006010770798,0.0,1.4751317501068115,,,,,,,,,,,1.0,1.0,1.0
,0.0002611376254338691,1699,,,,,,,,,,,,,,,,,,,,,,,,,,,,,,,,
54,,1699,,,,,,,,,,,,0.875,,1.4474923610687256,0.0,0.6997894048690796,0.05742604658007622,0.0,1.355076789855957,,,,,,,,,,,1.0,1.0,1.0
54,,1704,,,,,,,,,,,,,,,,,,,,,0.008557016961276531,0.584725558757782,0.2573646605014801,3.3106491565704346,0.0,0.6916654109954834,0.053417183458805084,0.0,3.222648859024048,,,
54,,1704,,,,,,,,,,,,,0.8569320440292358,,,,,,,,,,,,,,,,,,,
,0.0002525,1709,,,,,,,,,,,,,,,,,,,,,,,,,,,,,,,,
55,,1709,,,,,,,,,,,,0.796875,,2.0001227855682373,0.0,0.7319154739379883,0.0576525516808033,0.0,1.905874490737915,,,,,,,,,,,1.0,1.0,1.0
,0.0002525,1719,,,,,,,,,,,,,,,,,,,,,,,,,,,,,,,,
55,,1719,,,,,,,,,,,,0.859375,,1.630881428718567,0.0,0.7682977318763733,0.048662494868040085,0.0,1.5438040494918823,,,,,,,,,,,1.0,1.0,1.0
,0.0002525,1729,,,,,,,,,,,,,,,,,,,,,,,,,,,,,,,,
55,,1729,,,,,,,,,,,,0.859375,,1.2758939266204834,0.0,0.7277750968933105,0.051166243851184845,0.0,1.1883388757705688,,,,,,,,,,,1.0,1.0,1.0
55,,1735,,,,,,,,,,,,,,,,,,,,,0.00933496467769146,0.5704057216644287,0.26921936869621277,3.3652029037475586,0.0,0.6846777200698853,0.05934362858533859,0.0,3.27162504196167,,,
55,,1735,,,,,,,,,,,,,0.8248468041419983,,,,,,,,,,,,,,,,,,,
,0.00024386237456613109,1739,,,,,,,,,,,,,,,,,,,,,,,,,,,,,,,,
56,,1739,,,,,,,,,,,,0.78125,,1.7999893426895142,0.0,0.7455870509147644,0.05735978111624718,0.0,1.7053501605987549,,,,,,,,,,,1.0,1.0,1.0
,0.00024386237456613109,1749,,,,,,,,,,,,,,,,,,,,,,,,,,,,,,,,
56,,1749,,,,,,,,,,,,0.859375,,1.594904899597168,0.0,0.7867977023124695,0.04642604663968086,0.0,1.5091389417648315,,,,,,,,,,,1.0,1.0,1.0
,0.00024386237456613109,1759,,,,,,,,,,,,,,,,,,,,,,,,,,,,,,,,
56,,1759,,,,,,,,,,,,0.859375,,1.3735990524291992,0.0,0.7323130369186401,0.053713101893663406,0.0,1.2832703590393066,,,,,,,,,,,1.0,1.0,1.0
56,,1766,,,,,,,,,,,,,,,,,,,,,0.008291633799672127,0.5871121883392334,0.26239627599716187,3.4098613262176514,0.0,0.6812649965286255,0.05757683143019676,0.0,3.3182215690612793,,,
56,,1766,,,,,,,,,,,,,0.8389579653739929,,,,,,,,,,,,,,,,,,,
,0.000235235272748329,1769,,,,,,,,,,,,,,,,,,,,,,,,,,,,,,,,
57,,1769,,,,,,,,,,,,0.90625,,1.3177292346954346,0.0,0.7456367611885071,0.07410352677106857,0.0,1.2063438892364502,,,,,,,,,,,1.0,1.0,1.0
,0.000235235272748329,1779,,,,,,,,,,,,,,,,,,,,,,,,,,,,,,,,
57,,1779,,,,,,,,,,,,0.875,,1.3894306421279907,0.0,0.7545590996742249,0.05023521929979324,0.0,1.3014674186706543,,,,,,,,,,,1.0,1.0,1.0
,0.000235235272748329,1789,,,,,,,,,,,,,,,,,,,,,,,,,,,,,,,,
57,,1789,,,,,,,,,,,,0.890625,,1.3728477954864502,0.0,0.751654326915741,0.04790313541889191,0.0,1.2873618602752686,,,,,,,,,,,1.0,1.0,1.0
57,,1797,,,,,,,,,,,,,,,,,,,,,0.008358640596270561,0.5966587066650391,0.2953621447086334,3.3837852478027344,0.0,0.6981362104415894,0.05456836149096489,0.0,3.2943100929260254,,,
57,,1797,,,,,,,,,,,,,0.8567529916763306,,,,,,,,,,,,,,,,,,,
,0.0002266292053412558,1799,,,,,,,,,,,,,,,,,,,,,,,,,,,,,,,,
58,,1799,,,,,,,,,,,,0.90625,,1.2687926292419434,0.0,0.7584176659584045,0.051536835730075836,0.0,1.1793349981307983,,,,,,,,,,,1.0,1.0,1.0
,0.0002266292053412558,1809,,,,,,,,,,,,,,,,,,,,,,,,,,,,,,,,
58,,1809,,,,,,,,,,,,0.875,,1.2436566352844238,0.0,0.78309565782547,0.037584006786346436,0.0,1.1669178009033203,,,,,,,,,,,1.0,1.0,1.0
,0.0002266292053412558,1819,,,,,,,,,,,,,,,,,,,,,,,,,,,,,,,,
58,,1819,,,,,,,,,,,,0.921875,,1.2890210151672363,0.0,0.7540718913078308,0.07109072059392929,0.0,1.1802266836166382,,,,,,,,,,,1.0,1.0,1.0
58,,1828,,,,,,,,,,,,,,,,,,,,,0.00794853176921606,0.5656324625015259,0.2761719226837158,3.507948637008667,0.0,0.6823480725288391,0.05475606769323349,0.0,3.419074773788452,,,
58,,1828,,,,,,,,,,,,,0.8494925498962402,,,,,,,,,,,,,,,,,,,
,0.0002180546575123838,1829,,,,,,,,,,,,,,,,,,,,,,,,,,,,,,,,
59,,1829,,,,,,,,,,,,0.859375,,1.5463992357254028,0.0,0.7708874940872192,0.06591984629631042,0.0,1.4419349431991577,,,,,,,,,,,1.0,1.0,1.0
,0.0002180546575123838,1839,,,,,,,,,,,,,,,,,,,,,,,,,,,,,,,,
59,,1839,,,,,,,,,,,,0.828125,,1.5919132232666016,0.0,0.734186589717865,0.037638839334249496,0.0,1.517565131187439,,,,,,,,,,,1.0,1.0,1.0
,0.0002180546575123838,1849,,,,,,,,,,,,,,,,,,,,,,,,,,,,,,,,
59,,1849,,,,,,,,,,,,0.828125,,1.449800729751587,0.0,0.7724577188491821,0.04445238038897514,0.0,1.3667254447937012,,,,,,,,,,,1.0,1.0,1.0
,0.0002180546575123838,1859,,,,,,,,,,,,,,,,,,,,,,,,,,,,,,,,
59,,1859,,,,,,,,,,,,0.9166666865348816,,1.161946415901184,0.0,0.7573619484901428,0.04803101345896721,0.0,1.0760473012924194,,,,,,,,,,,1.0,1.0,1.0
59,,1859,,,,,,,,,,,,,,,,,,,,,0.007813080213963985,0.5274463295936584,0.253564715385437,3.6061325073242188,0.0,0.6716769337654114,0.055962175130844116,0.0,3.5165863037109375,,,
59,,1859,,,,,,,,,,,,,0.8422178626060486,,,,,,,,,,,,,,,,,,,
,0.00020952207602743475,1869,,,,,,,,,,,,,,,,,,,,,,,,,,,,,,,,
60,,1869,,,,,,,,,,,,0.890625,,1.2969907522201538,0.0,0.7466017603874207,0.06872832030057907,0.0,1.2596607208251953,,,,,,,,,,,1.0,0.0,1.0
,0.00020952207602743475,1879,,,,,,,,,,,,,,,,,,,,,,,,,,,,,,,,
60,,1879,,,,,,,,,,,,0.90625,,1.4601608514785767,0.0,0.7315748929977417,0.05616907402873039,0.0,1.4235820770263672,,,,,,,,,,,1.0,0.0,1.0
,0.00020952207602743475,1889,,,,,,,,,,,,,,,,,,,,,,,,,,,,,,,,
60,,1889,,,,,,,,,,,,0.9375,,1.1333482265472412,0.0,0.7907914519309998,0.10082093626260757,0.0,1.093808650970459,,,,,,,,,,,1.0,0.0,1.0
60,,1890,,,,,,,,,,,,,,,,,,,,0.0,0.014589812606573105,0.5441527366638184,0.26764148473739624,3.5541415214538574,0.0,0.6934946775436401,0.09723588079214096,0.0,3.5194668769836426,,,
60,,1890,,,,,,,,,,,,,0.8801146745681763,,,,,,,,,,,,,,,,,,,
,0.0002010418565226046,1899,,,,,,,,,,,,,,,,,,,,,,,,,,,,,,,,
61,,1899,,,,,,,,,,,,0.890625,,1.2179663181304932,0.0,0.7552845478057861,0.09902162104845047,0.0,1.170300006866455,,,,,,,,,,,1.0,0.10000000149011612,1.0
,0.0002010418565226046,1909,,,,,,,,,,,,,,,,,,,,,,,,,,,,,,,,
61,,1909,,,,,,,,,,,,0.90625,,1.2404252290725708,0.0,0.7321991324424744,0.12014203518629074,0.0,1.1918010711669922,,,,,,,,,,,1.0,0.10000000149011612,1.0
,0.0002010418565226046,1919,,,,,,,,,,,,,,,,,,,,,,,,,,,,,,,,
61,,1919,,,,,,,,,,,,0.921875,,1.2051595449447632,0.0,0.7721070647239685,0.08981416374444962,0.0,1.1575727462768555,,,,,,,,,,,1.0,0.10000000149011612,1.0
61,,1921,,,,,,,,,,,,,,,,,,,,,0.017077310010790825,0.5560859441757202,0.26343977451324463,3.542280673980713,0.0,0.6789752244949341,0.11061042547225952,0.0,3.4972708225250244,,,
61,,1921,,,,,,,,,,,,,0.890281617641449,,,,,,,,,,,,,,,,,,,
,0.00019262433083908222,1929,,,,,,,,,,,,,,,,,,,,,,,,,,,,,,,,
62,,1929,,,,,,,,,,,,0.875,,1.4363551139831543,0.0,0.7518870234489441,0.10941027849912643,0.0,1.3768787384033203,,,,,,,,,,,1.0,0.20000000298023224,1.0
,0.00019262433083908222,1939,,,,,,,,,,,,,,,,,,,,,,,,,,,,,,,,
62,,1939,,,,,,,,,,,,0.90625,,1.1720625162124634,0.0,0.759348452091217,0.08682174980640411,0.0,1.1167306900024414,,,,,,,,,,,1.0,0.20000000298023224,1.0
,0.00019262433083908222,1949,,,,,,,,,,,,,,,,,,,,,,,,,,,,,,,,
62,,1949,,,,,,,,,,,,0.953125,,1.202616810798645,0.0,0.7496827244758606,0.10559560358524323,0.0,1.144013524055481,,,,,,,,,,,1.0,0.20000000298023224,1.0
62,,1952,,,,,,,,,,,,,,,,,,,,,0.01416104007512331,0.560859203338623,0.26813822984695435,3.543459177017212,0.0,0.6972028613090515,0.09270447492599487,0.0,3.4900577068328857,,,
62,,1952,,,,,,,,,,,,,0.8819482326507568,,,,,,,,,,,,,,,,,,,
,0.00018427975443529272,1959,,,,,,,,,,,,,,,,,,,,,,,,,,,,,,,,
63,,1959,,,,,,,,,,,,0.84375,,1.4199047088623047,0.0,0.7982887029647827,0.0963444709777832,0.0,1.3510868549346924,,,,,,,,,,,1.0,0.30000001192092896,1.0
,0.00018427975443529272,1969,,,,,,,,,,,,,,,,,,,,,,,,,,,,,,,,
63,,1969,,,,,,,,,,,,0.921875,,1.1999778747558594,0.0,0.7258804440498352,0.0984753891825676,0.0,1.1341413259506226,,,,,,,,,,,1.0,0.30000001192092896,1.0
,0.00018427975443529272,1979,,,,,,,,,,,,,,,,,,,,,,,,,,,,,,,,
63,,1979,,,,,,,,,,,,0.921875,,1.3062076568603516,0.0,0.7472665309906006,0.08744644373655319,0.0,1.2426104545593262,,,,,,,,,,,1.0,0.30000001192092896,1.0
63,,1983,,,,,,,,,,,,,,,,,,,,,0.013828454539179802,0.560859203338623,0.27315014600753784,3.4774842262268066,0.0,0.6809114813804626,0.08386744558811188,0.0,3.418278694152832,,,
63,,1983,,,,,,,,,,,,,0.8700894117355347,,,,,,,,,,,,,,,,,,,
,0.00017601829389220054,1989,,,,,,,,,,,,,,,,,,,,,,,,,,,,,,,,
64,,1989,,,,,,,,,,,,0.859375,,1.3019379377365112,0.0,0.7735154032707214,0.07791688293218613,0.0,1.2320953607559204,,,,,,,,,,,1.0,0.4000000059604645,1.0
,0.00017601829389220054,1999,,,,,,,,,,,,,,,,,,,,,,,,,,,,,,,,
64,,1999,,,,,,,,,,,,0.9375,,1.3661810159683228,0.0,0.7140408158302307,0.08946136385202408,0.0,1.294694423675537,,,,,,,,,,,1.0,0.4000000059604645,1.0
,0.00017601829389220054,2009,,,,,,,,,,,,,,,,,,,,,,,,,,,,,,,,
64,,2009,,,,,,,,,,,,0.859375,,1.603373408317566,0.0,0.7228204011917114,0.10047155618667603,0.0,1.5270437002182007,,,,,,,,,,,1.0,0.4000000059604645,1.0
64,,2014,,,,,,,,,,,,,,,,,,,,,0.012356688268482685,0.5369928479194641,0.25796079635620117,3.4870591163635254,0.0,0.6802300214767456,0.07791578024625778,0.0,3.4218814373016357,,,
64,,2014,,,,,,,,,,,,,0.8611867427825928,,,,,,,,,,,,,,,,,,,
,0.000167850014526897,2019,,,,,,,,,,,,,,,,,,,,,,,,,,,,,,,,
65,,2019,,,,,,,,,,,,0.875,,1.5094014406204224,0.0,0.7683871984481812,0.09401228278875351,0.0,1.423975944519043,,,,,,,,,,,1.0,0.5,1.0
,0.000167850014526897,2029,,,,,,,,,,,,,,,,,,,,,,,,,,,,,,,,
65,,2029,,,,,,,,,,,,0.921875,,1.2915502786636353,0.0,0.7794152498245239,0.08440239727497101,0.0,1.2103784084320068,,,,,,,,,,,1.0,0.5,1.0
,0.000167850014526897,2039,,,,,,,,,,,,,,,,,,,,,,,,,,,,,,,,
65,,2039,,,,,,,,,,,,0.921875,,1.2168899774551392,0.0,0.7718308568000793,0.08127646893262863,0.0,1.137660264968872,,,,,,,,,,,1.0,0.5,1.0
65,,2045,,,,,,,,,,,,,,,,,,,,,0.012991885654628277,0.5346062183380127,0.266950398683548,3.6737782955169678,0.0,0.7035524845123291,0.08295019716024399,0.0,3.597125768661499,,,
65,,2045,,,,,,,,,,,,,0.8895159363746643,,,,,,,,,,,,,,,,,,,
,0.00015978486812956175,2049,,,,,,,,,,,,,,,,,,,,,,,,,,,,,,,,
66,,2049,,,,,,,,,,,,0.8125,,1.4676589965820312,0.0,0.7402880191802979,0.09007681161165237,0.0,1.376598596572876,,,,,,,,,,,1.0,0.6000000238418579,1.0
,0.00015978486812956175,2059,,,,,,,,,,,,,,,,,,,,,,,,,,,,,,,,
66,,2059,,,,,,,,,,,,0.875,,1.2945786714553833,0.0,0.7234221696853638,0.06843150407075882,0.0,1.2173486948013306,,,,,,,,,,,1.0,0.6000000238418579,1.0
,0.00015978486812956175,2069,,,,,,,,,,,,,,,,,,,,,,,,,,,,,,,,
66,,2069,,,,,,,,,,,,0.90625,,1.1996053457260132,0.0,0.7456561923027039,0.06052371487021446,0.0,1.1260082721710205,,,,,,,,,,,1.0,0.6000000238418579,1.0
66,,2076,,,,,,,,,,,,,,,,,,,,,0.010709992609918118,0.5727923512458801,0.2634623348712921,3.4150989055633545,0.0,0.6852099895477295,0.0631944090127945,0.0,3.342921733856201,,,
66,,2076,,,,,,,,,,,,,0.8502558469772339,,,,,,,,,,,,,,,,,,,
,0.0001518326808387395,2079,,,,,,,,,,,,,,,,,,,,,,,,,,,,,,,,
67,,2079,,,,,,,,,,,,0.953125,,1.128743052482605,0.0,0.7521055340766907,0.08514892309904099,0.0,1.0315334796905518,,,,,,,,,,,1.0,0.699999988079071,1.0
,0.0001518326808387395,2089,,,,,,,,,,,,,,,,,,,,,,,,,,,,,,,,
67,,2089,,,,,,,,,,,,0.9375,,1.1518070697784424,0.0,0.8016617894172668,0.07519347220659256,0.0,1.0590885877609253,,,,,,,,,,,1.0,0.699999988079071,1.0
,0.0001518326808387395,2099,,,,,,,,,,,,,,,,,,,,,,,,,,,,,,,,
67,,2099,,,,,,,,,,,,0.90625,,1.2513288259506226,0.0,0.779281735420227,0.060183633118867874,0.0,1.1702362298965454,,,,,,,,,,,1.0,0.699999988079071,1.0
67,,2107,,,,,,,,,,,,,,,,,,,,,0.009456018917262554,0.5751789808273315,0.24629729986190796,3.506989002227783,0.0,0.6884177327156067,0.062082190066576004,0.0,3.4291107654571533,,,
67,,2107,,,,,,,,,,,,,0.8766481876373291,,,,,,,,,,,,,,,,,,,
,0.0001440031411697033,2109,,,,,,,,,,,,,,,,,,,,,,,,,,,,,,,,
68,,2109,,,,,,,,,,,,0.828125,,1.381892204284668,0.0,0.7433550953865051,0.061877328902482986,0.0,1.295222520828247,,,,,,,,,,,1.0,0.800000011920929,1.0
,0.0001440031411697033,2119,,,,,,,,,,,,,,,,,,,,,,,,,,,,,,,,
68,,2119,,,,,,,,,,,,0.921875,,1.2371643781661987,0.0,0.7100836634635925,0.058189757168293,0.0,1.1551083326339722,,,,,,,,,,,1.0,0.800000011920929,1.0
,0.0001440031411697033,2129,,,,,,,,,,,,,,,,,,,,,,,,,,,,,,,,
68,,2129,,,,,,,,,,,,0.9375,,1.221754550933838,0.0,0.7491443753242493,0.08047019690275192,0.0,1.1199212074279785,,,,,,,,,,,1.0,0.800000011920929,1.0
68,,2138,,,,,,,,,,,,,,,,,,,,,0.009738401509821415,0.553699254989624,0.2623484134674072,3.5972321033477783,0.0,0.6752859950065613,0.0596562884747982,0.0,3.515742778778076,,,
68,,2138,,,,,,,,,,,,,0.8973504304885864,,,,,,,,,,,,,,,,,,,
,0.0001363057882104921,2139,,,,,,,,,,,,,,,,,,,,,,,,,,,,,,,,
69,,2139,,,,,,,,,,,,0.84375,,1.311761498451233,0.0,0.7397657632827759,0.061135221272706985,0.0,1.2197515964508057,,,,,,,,,,,1.0,0.8999999761581421,1.0
,0.0001363057882104921,2149,,,,,,,,,,,,,,,,,,,,,,,,,,,,,,,,
69,,2149,,,,,,,,,,,,0.875,,1.2613883018493652,0.0,0.7524363398551941,0.06187637522816658,0.0,1.1680777072906494,,,,,,,,,,,1.0,0.8999999761581421,1.0
,0.0001363057882104921,2159,,,,,,,,,,,,,,,,,,,,,,,,,,,,,,,,
69,,2159,,,,,,,,,,,,0.84375,,1.5199453830718994,0.0,0.74996417760849,0.06618892401456833,0.0,1.4228770732879639,,,,,,,,,,,1.0,0.8999999761581421,1.0
,0.0001363057882104921,2169,,,,,,,,,,,,,,,,,,,,,,,,,,,,,,,,
69,,2169,,,,,,,,,,,,0.9722222089767456,,1.2691433429718018,0.0,0.6894429922103882,0.09682314842939377,0.0,1.147530436515808,,,,,,,,,,,1.0,0.8999999761581421,1.0
69,,2169,,,,,,,,,,,,,,,,,,,,,0.008344514295458794,0.5584725737571716,0.2640743851661682,3.5541675090789795,0.0,0.6661598086357117,0.05254153534770012,0.0,3.473572254180908,,,
69,,2169,,,,,,,,,,,,,0.8959302306175232,,,,,,,,,,,,,,,,,,,
70,,2170,0.47857141494750977,0.547984778881073,0.1977212280035019,0.21479691565036774,3.562716484069824,0.0,0.6863393187522888,0.1018979549407959,0.0,3.426501750946045,0.20533129572868347,,,,,,,,,,,,,,,,,,,,,
