epoch,lr-AdamW,step,test_acc,test_auroc,test_bal_acc,test_balanced_acc,test_loss,test_macro_f1,test_mi_loss,train_acc,train_loss,train_mi_loss,val_acc,val_bal_acc,val_loss,val_mi_loss
,5e-05,9,,,,,,,,,,,,,,
0,,9,,,,,,,,0.640625,2.1312921047210693,4.486608028411865,,,,
,5e-05,19,,,,,,,,,,,,,,
0,,19,,,,,,,,0.609375,2.0662331581115723,4.3998541831970215,,,,
,5e-05,29,,,,,,,,,,,,,,
0,,29,,,,,,,,0.65625,1.9734814167022705,4.351077079772949,,,,
0,,30,,,,,,,,,,,0.6682577729225159,0.18703262507915497,1.885018229484558,3.899367332458496
,9.5e-05,39,,,,,,,,,,,,,,
1,,39,,,,,,,,0.578125,1.8607321977615356,4.005406856536865,,,,
,9.5e-05,49,,,,,,,,,,,,,,
1,,49,,,,,,,,0.703125,1.6186609268188477,3.930323362350464,,,,
,9.5e-05,59,,,,,,,,,,,,,,
1,,59,,,,,,,,0.65625,1.591033697128296,3.715179443359375,,,,
1,,61,,,,,,,,,,,0.6682577729225159,0.18703262507915497,1.5434653759002686,3.471484422683716
,0.00014000000000000001,69,,,,,,,,,,,,,,
2,,69,,,,,,,,0.6875,1.5767368078231812,3.481198787689209,,,,
,0.00014000000000000001,79,,,,,,,,,,,,,,
2,,79,,,,,,,,0.59375,1.6140971183776855,3.216449737548828,,,,
,0.00014000000000000001,89,,,,,,,,,,,,,,
2,,89,,,,,,,,0.734375,1.3980015516281128,2.9357516765594482,,,,
2,,92,,,,,,,,,,,0.6682577729225159,0.18703262507915497,1.4027341604232788,2.4219329357147217
,0.00018500000000000002,99,,,,,,,,,,,,,,
3,,99,,,,,,,,0.625,1.4518227577209473,2.66272234916687,,,,
,0.00018500000000000002,109,,,,,,,,,,,,,,
3,,109,,,,,,,,0.75,1.3100336790084839,2.3728556632995605,,,,
,0.00018500000000000002,119,,,,,,,,,,,,,,
3,,119,,,,,,,,0.609375,1.4346044063568115,2.1197879314422607,,,,
3,,123,,,,,,,,,,,0.6778042912483215,0.2002182900905609,1.302370548248291,1.6356961727142334
,0.00023000000000000003,129,,,,,,,,,,,,,,
4,,129,,,,,,,,0.59375,1.4376548528671265,1.9559383392333984,,,,
,0.00023000000000000003,139,,,,,,,,,,,,,,
4,,139,,,,,,,,0.703125,1.330544114112854,1.7336829900741577,,,,
,0.00023000000000000003,149,,,,,,,,,,,,,,
4,,149,,,,,,,,0.609375,1.4406810998916626,1.7374705076217651,,,,
4,,154,,,,,,,,,,,0.6825775504112244,0.2134748250246048,1.2427074909210205,1.1896343231201172
,0.000275,159,,,,,,,,,,,,,,
5,,159,,,,,,,,0.703125,1.1688474416732788,1.4599765539169312,,,,
,0.000275,169,,,,,,,,,,,,,,
5,,169,,,,,,,,0.65625,1.3175692558288574,1.393779993057251,,,,
,0.000275,179,,,,,,,,,,,,,,
5,,179,,,,,,,,0.703125,1.216538429260254,1.418560266494751,,,,
5,,185,,,,,,,,,,,0.680190920829773,0.21783022582530975,1.215875506401062,0.9220433831214905
,0.00032,189,,,,,,,,,,,,,,
6,,189,,,,,,,,0.734375,1.0402896404266357,1.1367394924163818,,,,
,0.00032,199,,,,,,,,,,,,,,
6,,199,,,,,,,,0.671875,1.2260780334472656,1.2202632427215576,,,,
,0.00032,209,,,,,,,,,,,,,,
6,,209,,,,,,,,0.625,1.2495648860931396,1.046609878540039,,,,
6,,216,,,,,,,,,,,0.6682577729225159,0.2218983769416809,1.2047854661941528,0.7619320154190063
,0.00036500000000000004,219,,,,,,,,,,,,,,
7,,219,,,,,,,,0.734375,1.1053428649902344,0.9534716606140137,,,,
,0.00036500000000000004,229,,,,,,,,,,,,,,
7,,229,,,,,,,,0.625,1.2321115732192993,1.0224839448928833,,,,
,0.00036500000000000004,239,,,,,,,,,,,,,,
7,,239,,,,,,,,0.6875,1.144079327583313,1.003814935684204,,,,
7,,247,,,,,,,,,,,0.663484513759613,0.22115282714366913,1.2109450101852417,0.660677969455719
,0.00041000000000000005,249,,,,,,,,,,,,,,
8,,249,,,,,,,,0.671875,1.1425278186798096,0.9291458129882812,,,,
,0.00041000000000000005,259,,,,,,,,,,,,,,
8,,259,,,,,,,,0.6875,1.1198359727859497,0.8898116946220398,,,,
,0.00041000000000000005,269,,,,,,,,,,,,,,
8,,269,,,,,,,,0.65625,1.1696650981903076,0.8442708849906921,,,,
8,,278,,,,,,,,,,,0.6610978245735168,0.2286171317100525,1.2688777446746826,0.6044369339942932
,0.0004550000000000001,279,,,,,,,,,,,,,,
9,,279,,,,,,,,0.734375,1.0457687377929688,0.8376061320304871,,,,
,0.0004550000000000001,289,,,,,,,,,,,,,,
9,,289,,,,,,,,0.78125,1.0000931024551392,0.8041461706161499,,,,
,0.0004550000000000001,299,,,,,,,,,,,,,,
9,,299,,,,,,,,0.78125,0.984342098236084,0.8141708374023438,,,,
,0.0004550000000000001,309,,,,,,,,,,,,,,
9,,309,,,,,,,,0.8055555820465088,0.96073317527771,0.5386079549789429,,,,
9,,309,,,,,,,,,,,0.663484513759613,0.23107033967971802,1.3074661493301392,0.5574792623519897
,0.0005,319,,,,,,,,,,,,,,
10,,319,,,,,,,,0.796875,0.9506250619888306,0.7279729843139648,,,,
,0.0005,329,,,,,,,,,,,,,,
10,,329,,,,,,,,0.75,0.9674321413040161,0.7670941352844238,,,,
,0.0005,339,,,,,,,,,,,,,,
10,,339,,,,,,,,0.78125,0.9455182552337646,0.7724949717521667,,,,
10,,340,,,,,,,,,,,0.6348448395729065,0.2195686548948288,1.3209928274154663,0.5306825041770935
,0.0004998492296872263,349,,,,,,,,,,,,,,
11,,349,,,,,,,,0.84375,0.8656943440437317,0.6931328773498535,,,,
,0.0004998492296872263,359,,,,,,,,,,,,,,
11,,359,,,,,,,,0.796875,0.877831757068634,0.7356017827987671,,,,
,0.0004998492296872263,369,,,,,,,,,,,,,,
11,,369,,,,,,,,0.765625,0.9409592151641846,0.712921142578125,,,,
11,,371,,,,,,,,,,,0.6372315287590027,0.24234932661056519,1.3419865369796753,0.512744665145874
,0.0004993971024393066,379,,,,,,,,,,,,,,
12,,379,,,,,,,,0.84375,0.8281489014625549,0.6750637292861938,,,,
,0.0004993971024393066,389,,,,,,,,,,,,,,
12,,389,,,,,,,,0.765625,0.9869860410690308,0.6875460147857666,,,,
,0.0004993971024393066,399,,,,,,,,,,,,,,
12,,399,,,,,,,,0.828125,0.7955878973007202,0.597697377204895,,,,
12,,402,,,,,,,,,,,0.6396181583404541,0.2348468005657196,1.346453309059143,0.4826718866825104
,0.0004986441691036478,409,,,,,,,,,,,,,,
13,,409,,,,,,,,0.875,0.726283609867096,0.659077525138855,,,,
,0.0004986441691036478,419,,,,,,,,,,,,,,
13,,419,,,,,,,,0.859375,0.8096235990524292,0.6054532527923584,,,,
,0.0004986441691036478,429,,,,,,,,,,,,,,
13,,429,,,,,,,,0.890625,0.7397294640541077,0.6730612516403198,,,,
13,,433,,,,,,,,,,,0.6372315287590027,0.2335899919271469,1.4022523164749146,0.47345614433288574
,0.0004975913470135388,439,,,,,,,,,,,,,,
14,,439,,,,,,,,0.8125,0.8112770318984985,0.6519972085952759,,,,
,0.0004975913470135388,449,,,,,,,,,,,,,,
14,,449,,,,,,,,0.859375,0.8043727874755859,0.6216669082641602,,,,
,0.0004975913470135388,459,,,,,,,,,,,,,,
14,,459,,,,,,,,0.890625,0.763270914554596,0.6043403148651123,,,,
14,,464,,,,,,,,,,,0.6276849508285522,0.22685842216014862,1.4318702220916748,0.4563038945198059
,0.0004962399188705217,469,,,,,,,,,,,,,,
15,,469,,,,,,,,0.828125,0.786187469959259,0.5850858688354492,,,,
,0.0004962399188705217,479,,,,,,,,,,,,,,
15,,479,,,,,,,,0.9375,0.6660904288291931,0.6339089274406433,,,,
,0.0004962399188705217,489,,,,,,,,,,,,,,
15,,489,,,,,,,,0.828125,0.8220164775848389,0.6446542143821716,,,,
15,,495,,,,,,,,,,,0.6229116916656494,0.214187353849411,1.4787362813949585,0.44953393936157227
,0.0004945915311816171,499,,,,,,,,,,,,,,
16,,499,,,,,,,,0.9375,0.6750214099884033,0.5619141459465027,,,,
,0.0004945915311816171,509,,,,,,,,,,,,,,
16,,509,,,,,,,,0.921875,0.6522974967956543,0.6073281764984131,,,,
,0.0004945915311816171,519,,,,,,,,,,,,,,
16,,519,,,,,,,,0.875,0.7537866830825806,0.6001010537147522,,,,
16,,526,,,,,,,,,,,0.6348448395729065,0.23158898949623108,1.4821690320968628,0.4295075237751007
,0.0004926481922533092,529,,,,,,,,,,,,,,
17,,529,,,,,,,,0.953125,0.7020998597145081,0.5555171370506287,,,,
,0.0004926481922533092,539,,,,,,,,,,,,,,
17,,539,,,,,,,,0.9375,0.7331538796424866,0.6373041868209839,,,,
,0.0004926481922533092,549,,,,,,,,,,,,,,
17,,549,,,,,,,,0.8125,0.8078439831733704,0.5471829175949097,,,,
17,,557,,,,,,,,,,,0.6252983212471008,0.21855366230010986,1.4920958280563354,0.41897228360176086
,0.0004904122697447341,559,,,,,,,,,,,,,,
18,,559,,,,,,,,0.921875,0.7153759598731995,0.5518063306808472,,,,
,0.0004904122697447341,569,,,,,,,,,,,,,,
18,,569,,,,,,,,0.90625,0.665540337562561,0.5856851935386658,,,,
,0.0004904122697447341,579,,,,,,,,,,,,,,
18,,579,,,,,,,,0.890625,0.7104635834693909,0.5338200330734253,,,,
18,,588,,,,,,,,,,,0.6324582099914551,0.2216280847787857,1.4627180099487305,0.4118916094303131
,0.00048788648778305075,589,,,,,,,,,,,,,,
19,,589,,,,,,,,0.953125,0.6158519983291626,0.5724107027053833,,,,
,0.00048788648778305075,599,,,,,,,,,,,,,,
19,,599,,,,,,,,0.9375,0.6481658220291138,0.5103732347488403,,,,
,0.00048788648778305075,609,,,,,,,,,,,,,,
19,,609,,,,,,,,0.921875,0.7083069086074829,0.5884826183319092,,,,
,0.00048788648778305075,619,,,,,,,,,,,,,,
19,,619,,,,,,,,0.9722222089767456,0.568993330001831,0.38360485434532166,,,,
19,,619,,,,,,,,,,,0.6587111949920654,0.25367462635040283,1.4854180812835693,0.4054606258869171
,0.0004850739236445125,629,,,,,,,,,,,,,,
20,,629,,,,,,,,0.9375,0.6709102392196655,0.5497221946716309,,,,
,0.0004850739236445125,639,,,,,,,,,,,,,,
20,,639,,,,,,,,0.9375,0.7654872536659241,0.5304892063140869,,,,
,0.0004850739236445125,649,,,,,,,,,,,,,,
20,,649,,,,,,,,0.9375,0.6143907904624939,0.5490623116493225,,,,
20,,650,,,,,,,,,,,0.6467780470848083,0.24395997822284698,1.5169469118118286,0.3970191180706024
,0.0004819780040052801,659,,,,,,,,,,,,,,
21,,659,,,,,,,,0.953125,0.6099578142166138,0.5414855480194092,,,,
,0.0004819780040052801,669,,,,,,,,,,,,,,
21,,669,,,,,,,,0.921875,0.6541782021522522,0.5413631200790405,,,,
,0.0004819780040052801,679,,,,,,,,,,,,,,
21,,679,,,,,,,,0.90625,0.6783425807952881,0.5679027438163757,,,,
21,,681,,,,,,,,,,,0.6324582099914551,0.21182748675346375,1.5258780717849731,0.39331838488578796
,0.0004786025007665439,689,,,,,,,,,,,,,,
22,,689,,,,,,,,0.953125,0.5946458578109741,0.5196547508239746,,,,
,0.0004786025007665439,699,,,,,,,,,,,,,,
22,,699,,,,,,,,0.953125,0.6192800402641296,0.5105658769607544,,,,
,0.0004786025007665439,709,,,,,,,,,,,,,,
22,,709,,,,,,,,0.921875,0.6186559200286865,0.5344758629798889,,,,
22,,712,,,,,,,,,,,0.6324582099914551,0.23428574204444885,1.5396368503570557,0.38632890582084656
,0.00047495152645904404,719,,,,,,,,,,,,,,
23,,719,,,,,,,,0.890625,0.6787925958633423,0.46655985713005066,,,,
,0.00047495152645904404,729,,,,,,,,,,,,,,
23,,729,,,,,,,,0.9375,0.6173714399337769,0.5009068250656128,,,,
,0.00047495152645904404,739,,,,,,,,,,,,,,
23,,739,,,,,,,,0.96875,0.5950987935066223,0.5275229215621948,,,,
23,,743,,,,,,,,,,,0.6372315287590027,0.2387007176876068,1.5139305591583252,0.3783092200756073
,0.00047102952923258466,749,,,,,,,,,,,,,,
24,,749,,,,,,,,0.921875,0.6621406674385071,0.5036047697067261,,,,
,0.00047102952923258466,759,,,,,,,,,,,,,,
24,,759,,,,,,,,0.9375,0.6058908104896545,0.526845395565033,,,,
,0.00047102952923258466,769,,,,,,,,,,,,,,
24,,769,,,,,,,,0.953125,0.6056703329086304,0.5242252349853516,,,,
24,,774,,,,,,,,,,,0.6252983212471008,0.23188164830207825,1.5229700803756714,0.3644638955593109
,0.0004668412874366488,779,,,,,,,,,,,,,,
25,,779,,,,,,,,0.96875,0.6355754137039185,0.4971924424171448,,,,
,0.0004668412874366488,789,,,,,,,,,,,,,,
25,,789,,,,,,,,0.953125,0.5787368416786194,0.4708399474620819,,,,
,0.0004668412874366488,799,,,,,,,,,,,,,,
25,,799,,,,,,,,0.9375,0.6206672787666321,0.4882699251174927,,,,
25,,805,,,,,,,,,,,0.6539379358291626,0.23372696340084076,1.4647949934005737,0.36264559626579285
,0.0004623919037987156,809,,,,,,,,,,,,,,
26,,809,,,,,,,,0.953125,0.626409649848938,0.4968082904815674,,,,
,0.0004623919037987156,819,,,,,,,,,,,,,,
26,,819,,,,,,,,0.953125,0.5939929485321045,0.47218114137649536,,,,
,0.0004623919037987156,829,,,,,,,,,,,,,,
26,,829,,,,,,,,0.921875,0.6131414175033569,0.4666087031364441,,,,
26,,836,,,,,,,,,,,0.6085919141769409,0.2218664139509201,1.4918626546859741,0.3590131998062134
,0.000457686799207373,839,,,,,,,,,,,,,,
27,,839,,,,,,,,1.0,0.5388017892837524,0.45942795276641846,,,,
,0.000457686799207373,849,,,,,,,,,,,,,,
27,,849,,,,,,,,0.96875,0.5545781850814819,0.44532227516174316,,,,
,0.000457686799207373,859,,,,,,,,,,,,,,
27,,859,,,,,,,,1.0,0.526730477809906,0.45795783400535583,,,,
27,,867,,,,,,,,,,,0.6396181583404541,0.24269084632396698,1.476548671722412,0.35420310497283936
,0.00045273170610779967,869,,,,,,,,,,,,,,
28,,869,,,,,,,,0.9375,0.5905035734176636,0.468271940946579,,,,
,0.00045273170610779967,879,,,,,,,,,,,,,,
28,,879,,,,,,,,0.9375,0.5832626819610596,0.4716683328151703,,,,
,0.00045273170610779967,889,,,,,,,,,,,,,,
28,,889,,,,,,,,0.96875,0.5536292195320129,0.4523124694824219,,,,
28,,898,,,,,,,,,,,0.620525062084198,0.23345033824443817,1.5398696660995483,0.3535367250442505
,0.0004475326615176639,899,,,,,,,,,,,,,,
29,,899,,,,,,,,0.984375,0.5308255553245544,0.43597543239593506,,,,
,0.0004475326615176639,909,,,,,,,,,,,,,,
29,,909,,,,,,,,0.984375,0.5525553822517395,0.46625587344169617,,,,
,0.0004475326615176639,919,,,,,,,,,,,,,,
29,,919,,,,,,,,0.984375,0.5554683804512024,0.38844186067581177,,,,
,0.0004475326615176639,929,,,,,,,,,,,,,,
29,,929,,,,,,,,1.0,0.507361888885498,0.29551488161087036,,,,
29,,929,,,,,,,,,,,0.6324582099914551,0.2511352002620697,1.501646637916565,0.34302130341529846
,0.0004420959996719472,939,,,,,,,,,,,,,,
30,,939,,,,,,,,0.96875,0.5642406940460205,0.4136218726634979,,,,
,0.0004420959996719472,949,,,,,,,,,,,,,,
30,,949,,,,,,,,0.96875,0.5631518363952637,0.46441158652305603,,,,
,0.0004420959996719472,959,,,,,,,,,,,,,,
30,,959,,,,,,,,0.984375,0.5397714376449585,0.44984170794487,,,,
30,,960,,,,,,,,,,,0.6372315287590027,0.22692912817001343,1.4616162776947021,0.3369644582271576
,0.0004364283443056552,969,,,,,,,,,,,,,,
31,,969,,,,,,,,1.0,0.5345870852470398,0.4585293233394623,,,,
,0.0004364283443056552,979,,,,,,,,,,,,,,
31,,979,,,,,,,,0.984375,0.561120331287384,0.45613956451416016,,,,
,0.0004364283443056552,989,,,,,,,,,,,,,,
31,,989,,,,,,,,0.984375,0.5480667948722839,0.44592055678367615,,,,
31,,991,,,,,,,,,,,0.6300715804100037,0.22497247159481049,1.5293487310409546,0.33455225825309753
,0.00043053660058381627,999,,,,,,,,,,,,,,
32,,999,,,,,,,,0.984375,0.5467321872711182,0.4402533173561096,,,,
,0.00043053660058381627,1009,,,,,,,,,,,,,,
32,,1009,,,,,,,,0.96875,0.5376487970352173,0.4350031018257141,,,,
,0.00043053660058381627,1019,,,,,,,,,,,,,,
32,,1019,,,,,,,,0.984375,0.5803167819976807,0.4386563003063202,,,,
32,,1022,,,,,,,,,,,0.6372315287590027,0.23716770112514496,1.5149967670440674,0.32805129885673523
,0.0004244279466886019,1029,,,,,,,,,,,,,,
33,,1029,,,,,,,,1.0,0.519512414932251,0.4360658526420593,,,,
,0.0004244279466886019,1039,,,,,,,,,,,,,,
33,,1039,,,,,,,,0.96875,0.5496236085891724,0.43854737281799316,,,,
,0.0004244279466886019,1049,,,,,,,,,,,,,,
33,,1049,,,,,,,,1.0,0.5338672995567322,0.413543164730072,,,,
33,,1053,,,,,,,,,,,0.6229116916656494,0.2216499298810959,1.4924379587173462,0.32407885789871216
,0.00041810982507381754,1059,,,,,,,,,,,,,,
34,,1059,,,,,,,,1.0,0.5067026019096375,0.44698166847229004,,,,
,0.00041810982507381754,1069,,,,,,,,,,,,,,
34,,1069,,,,,,,,1.0,0.51679927110672,0.4172816276550293,,,,
,0.00041810982507381754,1079,,,,,,,,,,,,,,
34,,1079,,,,,,,,0.984375,0.5213603377342224,0.42254266142845154,,,,
34,,1084,,,,,,,,,,,0.620525062084198,0.2206086367368698,1.493680477142334,0.3186112642288208
,0.0004115899333974186,1089,,,,,,,,,,,,,,
35,,1089,,,,,,,,0.984375,0.5386032462120056,0.4189256429672241,,,,
,0.0004115899333974186,1099,,,,,,,,,,,,,,
35,,1099,,,,,,,,0.953125,0.5595383048057556,0.39314505457878113,,,,
,0.0004115899333974186,1109,,,,,,,,,,,,,,
35,,1109,,,,,,,,1.0,0.5355349779129028,0.42248547077178955,,,,
35,,1115,,,,,,,,,,,0.6491646766662598,0.23988668620586395,1.4648452997207642,0.3156032860279083
,0.0004048762151431006,1119,,,,,,,,,,,,,,
36,,1119,,,,,,,,1.0,0.5115690231323242,0.3792600631713867,,,,
,0.0004048762151431006,1129,,,,,,,,,,,,,,
36,,1129,,,,,,,,1.0,0.5257249474525452,0.39551302790641785,,,,
,0.0004048762151431006,1139,,,,,,,,,,,,,,
36,,1139,,,,,,,,0.96875,0.561046302318573,0.3912452161312103,,,,
36,,1146,,,,,,,,,,,0.6396181583404541,0.25528374314308167,1.5117226839065552,0.31856170296669006
,0.0003979768499423873,1149,,,,,,,,,,,,,,
37,,1149,,,,,,,,0.984375,0.5360661745071411,0.40581828355789185,,,,
,0.0003979768499423873,1159,,,,,,,,,,,,,,
37,,1159,,,,,,,,0.984375,0.5236157178878784,0.4081263244152069,,,,
,0.0003979768499423873,1169,,,,,,,,,,,,,,
37,,1169,,,,,,,,0.953125,0.5901564359664917,0.38402795791625977,,,,
37,,1177,,,,,,,,,,,0.6252983212471008,0.24208110570907593,1.4738787412643433,0.3119630217552185
,0.00039090024360901,1179,,,,,,,,,,,,,,
38,,1179,,,,,,,,0.984375,0.5295541286468506,0.3768405616283417,,,,
,0.00039090024360901,1189,,,,,,,,,,,,,,
38,,1189,,,,,,,,0.984375,0.5168013572692871,0.4155091643333435,,,,
,0.00039090024360901,1199,,,,,,,,,,,,,,
38,,1199,,,,,,,,0.953125,0.6346052885055542,0.3837980031967163,,,,
38,,1208,,,,,,,,,,,0.6324582099914551,0.22223390638828278,1.5007719993591309,0.3094610571861267
,0.00038365501789771835,1209,,,,,,,,,,,,,,
39,,1209,,,,,,,,0.984375,0.527382493019104,0.35099297761917114,,,,
,0.00038365501789771835,1219,,,,,,,,,,,,,,
39,,1219,,,,,,,,0.984375,0.5254923105239868,0.38879871368408203,,,,
,0.00038365501789771835,1229,,,,,,,,,,,,,,
39,,1229,,,,,,,,0.984375,0.5351806282997131,0.4063771367073059,,,,
,0.00038365501789771835,1239,,,,,,,,,,,,,,
39,,1239,,,,,,,,1.0,0.48821336030960083,0.2644347846508026,,,,
39,,1239,,,,,,,,,,,0.6300715804100037,0.21782538294792175,1.4713810682296753,0.3082323372364044
,0.0003762500000000001,1249,,,,,,,,,,,,,,
40,,1249,,,,,,,,0.984375,0.532240092754364,0.3574378490447998,,,,
,0.0003762500000000001,1259,,,,,,,,,,,,,,
40,,1259,,,,,,,,0.984375,0.509152352809906,0.35577958822250366,,,,
,0.0003762500000000001,1269,,,,,,,,,,,,,,
40,,1269,,,,,,,,0.984375,0.5525150895118713,0.3521394729614258,,,,
40,,1270,,,,,,,,,,,0.6300715804100037,0.23284025490283966,1.4511929750442505,0.3045419454574585
,0.00036869421178950805,1279,,,,,,,,,,,,,,
41,,1279,,,,,,,,0.96875,0.5463786721229553,0.3978646695613861,,,,
,0.00036869421178950805,1289,,,,,,,,,,,,,,
41,,1289,,,,,,,,1.0,0.496372789144516,0.3449428975582123,,,,
,0.00036869421178950805,1299,,,,,,,,,,,,,,
41,,1299,,,,,,,,0.984375,0.535605788230896,0.3515642583370209,,,,
41,,1301,,,,,,,,,,,0.6133651733398438,0.20822274684906006,1.4520914554595947,0.3035767078399658
,0.00036099685883029674,1309,,,,,,,,,,,,,,
42,,1309,,,,,,,,1.0,0.5145828723907471,0.3929722011089325,,,,
,0.00036099685883029674,1319,,,,,,,,,,,,,,
42,,1319,,,,,,,,0.96875,0.5506484508514404,0.35878777503967285,,,,
,0.00036099685883029674,1329,,,,,,,,,,,,,,
42,,1329,,,,,,,,0.984375,0.5186679363250732,0.37394893169403076,,,,
42,,1332,,,,,,,,,,,0.6276849508285522,0.23469726741313934,1.451088547706604,0.2980993092060089
,0.0003531673191612606,1339,,,,,,,,,,,,,,
43,,1339,,,,,,,,0.96875,0.5296904444694519,0.3720735013484955,,,,
,0.0003531673191612606,1349,,,,,,,,,,,,,,
43,,1349,,,,,,,,0.953125,0.5369272232055664,0.3548724055290222,,,,
,0.0003531673191612606,1359,,,,,,,,,,,,,,
43,,1359,,,,,,,,0.984375,0.5166507363319397,0.3769128918647766,,,,
43,,1363,,,,,,,,,,,0.6133651733398438,0.24267220497131348,1.456727147102356,0.29359039664268494
,0.0003452151318704383,1369,,,,,,,,,,,,,,
44,,1369,,,,,,,,0.984375,0.5310163497924805,0.39034438133239746,,,,
,0.0003452151318704383,1379,,,,,,,,,,,,,,
44,,1379,,,,,,,,1.0,0.49685460329055786,0.3512852191925049,,,,
,0.0003452151318704383,1389,,,,,,,,,,,,,,
44,,1389,,,,,,,,0.984375,0.5137320160865784,0.37176793813705444,,,,
44,,1394,,,,,,,,,,,0.6276849508285522,0.21854254603385925,1.4472150802612305,0.2953121066093445
,0.0003371499854731031,1399,,,,,,,,,,,,,,
45,,1399,,,,,,,,1.0,0.5221544504165649,0.3624802827835083,,,,
,0.0003371499854731031,1409,,,,,,,,,,,,,,
45,,1409,,,,,,,,1.0,0.5162814259529114,0.34139180183410645,,,,
,0.0003371499854731031,1419,,,,,,,,,,,,,,
45,,1419,,,,,,,,0.984375,0.5090456008911133,0.342864453792572,,,,
45,,1425,,,,,,,,,,,0.6300715804100037,0.2541065216064453,1.4534529447555542,0.29287585616111755
,0.00032898170610779956,1429,,,,,,,,,,,,,,
46,,1429,,,,,,,,0.984375,0.5166785717010498,0.35362493991851807,,,,
,0.00032898170610779956,1439,,,,,,,,,,,,,,
46,,1439,,,,,,,,0.96875,0.527520477771759,0.3617897927761078,,,,
,0.00032898170610779956,1449,,,,,,,,,,,,,,
46,,1449,,,,,,,,1.0,0.5063668489456177,0.39738792181015015,,,,
46,,1456,,,,,,,,,,,0.6396181583404541,0.22972360253334045,1.4483669996261597,0.28858378529548645
,0.00032072024556470733,1459,,,,,,,,,,,,,,
47,,1459,,,,,,,,1.0,0.48682844638824463,0.3208189606666565,,,,
,0.00032072024556470733,1469,,,,,,,,,,,,,,
47,,1469,,,,,,,,1.0,0.5012507438659668,0.3499791622161865,,,,
,0.00032072024556470733,1479,,,,,,,,,,,,,,
47,,1479,,,,,,,,0.96875,0.5399043560028076,0.3351266086101532,,,,
47,,1487,,,,,,,,,,,0.6515513062477112,0.24504004418849945,1.454775094985962,0.2876971364021301
,0.0003123756691609178,1489,,,,,,,,,,,,,,
48,,1489,,,,,,,,0.96875,0.5455818176269531,0.34792065620422363,,,,
,0.0003123756691609178,1499,,,,,,,,,,,,,,
48,,1499,,,,,,,,0.984375,0.5224996209144592,0.3408214747905731,,,,
,0.0003123756691609178,1509,,,,,,,,,,,,,,
48,,1509,,,,,,,,1.0,0.5251556038856506,0.340941846370697,,,,
48,,1518,,,,,,,,,,,0.6539379358291626,0.25841477513313293,1.4508962631225586,0.2854819893836975
,0.0003039581434773955,1519,,,,,,,,,,,,,,
49,,1519,,,,,,,,1.0,0.5083661675453186,0.31356337666511536,,,,
,0.0003039581434773955,1529,,,,,,,,,,,,,,
49,,1529,,,,,,,,0.984375,0.5180082321166992,0.3152477741241455,,,,
,0.0003039581434773955,1539,,,,,,,,,,,,,,
49,,1539,,,,,,,,0.984375,0.5049179196357727,0.31979990005493164,,,,
,0.0003039581434773955,1549,,,,,,,,,,,,,,
49,,1549,,,,,,,,0.944444477558136,0.5405317544937134,0.22562973201274872,,,,
49,,1549,,,,,,,,,,,0.6396181583404541,0.24169544875621796,1.4493987560272217,0.2804989218711853
,0.00029547792397256533,1559,,,,,,,,,,,,,,
50,,1559,,,,,,,,1.0,0.4916127622127533,0.3023257255554199,,,,
,0.00029547792397256533,1569,,,,,,,,,,,,,,
50,,1569,,,,,,,,1.0,0.507396936416626,0.3368400037288666,,,,
,0.00029547792397256533,1579,,,,,,,,,,,,,,
50,,1579,,,,,,,,0.96875,0.5215144157409668,0.33685624599456787,,,,
50,,1580,,,,,,,,,,,0.6348448395729065,0.2271558791399002,1.4535354375839233,0.2806667387485504
,0.00028694534248761627,1589,,,,,,,,,,,,,,
51,,1589,,,,,,,,1.0,0.4982888996601105,0.323912113904953,,,,
,0.00028694534248761627,1599,,,,,,,,,,,,,,
51,,1599,,,,,,,,0.984375,0.5050638914108276,0.3065573275089264,,,,
,0.00028694534248761627,1609,,,,,,,,,,,,,,
51,,1609,,,,,,,,1.0,0.4846603274345398,0.31286343932151794,,,,
51,,1611,,,,,,,,,,,0.6276849508285522,0.21161961555480957,1.462378978729248,0.278796523809433
,0.0002783707946587443,1619,,,,,,,,,,,,,,
52,,1619,,,,,,,,0.953125,0.5772301554679871,0.35798168182373047,,,,
,0.0002783707946587443,1629,,,,,,,,,,,,,,
52,,1629,,,,,,,,0.984375,0.4989742934703827,0.3275464177131653,,,,
,0.0002783707946587443,1639,,,,,,,,,,,,,,
52,,1639,,,,,,,,0.984375,0.5111241340637207,0.3048192262649536,,,,
52,,1642,,,,,,,,,,,0.6610978245735168,0.23744803667068481,1.4031779766082764,0.2751673460006714
,0.0002697647272516711,1649,,,,,,,,,,,,,,
53,,1649,,,,,,,,0.984375,0.5095045566558838,0.34176182746887207,,,,
,0.0002697647272516711,1659,,,,,,,,,,,,,,
53,,1659,,,,,,,,0.953125,0.5509105324745178,0.36071711778640747,,,,
,0.0002697647272516711,1669,,,,,,,,,,,,,,
53,,1669,,,,,,,,0.984375,0.5274180173873901,0.3343035578727722,,,,
53,,1673,,,,,,,,,,,0.6443914175033569,0.2292858511209488,1.450727105140686,0.27544087171554565
,0.0002611376254338691,1679,,,,,,,,,,,,,,
54,,1679,,,,,,,,0.984375,0.5096585750579834,0.32806098461151123,,,,
,0.0002611376254338691,1689,,,,,,,,,,,,,,
54,,1689,,,,,,,,1.0,0.4965473413467407,0.3210994303226471,,,,
,0.0002611376254338691,1699,,,,,,,,,,,,,,
54,,1699,,,,,,,,1.0,0.4770311117172241,0.3265424370765686,,,,
54,,1704,,,,,,,,,,,0.656324565410614,0.23262976109981537,1.404625415802002,0.2729775607585907
,0.0002525,1709,,,,,,,,,,,,,,
55,,1709,,,,,,,,0.984375,0.5106631517410278,0.30554598569869995,,,,
,0.0002525,1719,,,,,,,,,,,,,,
55,,1719,,,,,,,,0.984375,0.5121592283248901,0.3271030783653259,,,,
,0.0002525,1729,,,,,,,,,,,,,,
55,,1729,,,,,,,,0.984375,0.5286729335784912,0.3215102553367615,,,,
55,,1735,,,,,,,,,,,0.656324565410614,0.23921841382980347,1.416177749633789,0.27289527654647827
,0.00024386237456613109,1739,,,,,,,,,,,,,,
56,,1739,,,,,,,,0.984375,0.5002930760383606,0.3283543884754181,,,,
,0.00024386237456613109,1749,,,,,,,,,,,,,,
56,,1749,,,,,,,,1.0,0.4845717251300812,0.2981748580932617,,,,
,0.00024386237456613109,1759,,,,,,,,,,,,,,
56,,1759,,,,,,,,1.0,0.48205697536468506,0.315685510635376,,,,
56,,1766,,,,,,,,,,,0.6276849508285522,0.20610648393630981,1.4512444734573364,0.2727583944797516
,0.000235235272748329,1769,,,,,,,,,,,,,,
57,,1769,,,,,,,,0.984375,0.49721282720565796,0.2948051989078522,,,,
,0.000235235272748329,1779,,,,,,,,,,,,,,
57,,1779,,,,,,,,0.984375,0.49360764026641846,0.3031665086746216,,,,
,0.000235235272748329,1789,,,,,,,,,,,,,,
57,,1789,,,,,,,,1.0,0.4788757860660553,0.310512512922287,,,,
57,,1797,,,,,,,,,,,0.6443914175033569,0.2269407957792282,1.442723035812378,0.2702407240867615
,0.0002266292053412558,1799,,,,,,,,,,,,,,
58,,1799,,,,,,,,0.984375,0.5085772275924683,0.3053767681121826,,,,
,0.0002266292053412558,1809,,,,,,,,,,,,,,
58,,1809,,,,,,,,1.0,0.4756304919719696,0.2970489263534546,,,,
,0.0002266292053412558,1819,,,,,,,,,,,,,,
58,,1819,,,,,,,,0.984375,0.4984346628189087,0.28046393394470215,,,,
58,,1828,,,,,,,,,,,0.6372315287590027,0.2504141628742218,1.4332013130187988,0.2707972526550293
,0.0002180546575123838,1829,,,,,,,,,,,,,,
59,,1829,,,,,,,,1.0,0.48969411849975586,0.3184019923210144,,,,
,0.0002180546575123838,1839,,,,,,,,,,,,,,
59,,1839,,,,,,,,1.0,0.4843130111694336,0.3120464086532593,,,,
,0.0002180546575123838,1849,,,,,,,,,,,,,,
59,,1849,,,,,,,,1.0,0.5036292672157288,0.29403913021087646,,,,
,0.0002180546575123838,1859,,,,,,,,,,,,,,
59,,1859,,,,,,,,1.0,0.4831673502922058,0.19160577654838562,,,,
59,,1859,,,,,,,,,,,0.6420047879219055,0.24687901139259338,1.414156198501587,0.2679794728755951
,0.00020952207602743475,1869,,,,,,,,,,,,,,
60,,1869,,,,,,,,1.0,0.4995619058609009,0.28209877014160156,,,,
,0.00020952207602743475,1879,,,,,,,,,,,,,,
60,,1879,,,,,,,,0.984375,0.49949759244918823,0.3179633617401123,,,,
,0.00020952207602743475,1889,,,,,,,,,,,,,,
60,,1889,,,,,,,,0.984375,0.4927387237548828,0.30256187915802,,,,
60,,1890,,,,,,,,,,,0.6348448395729065,0.20904669165611267,1.4145557880401611,0.2643851637840271
,0.0002010418565226046,1899,,,,,,,,,,,,,,
61,,1899,,,,,,,,1.0,0.48900434374809265,0.3068813681602478,,,,
,0.0002010418565226046,1909,,,,,,,,,,,,,,
61,,1909,,,,,,,,1.0,0.4976852834224701,0.34371471405029297,,,,
,0.0002010418565226046,1919,,,,,,,,,,,,,,
61,,1919,,,,,,,,0.984375,0.4930097460746765,0.30154451727867126,,,,
61,,1921,,,,,,,,,,,0.6467780470848083,0.23430263996124268,1.421710729598999,0.26305896043777466
,0.00019262433083908222,1929,,,,,,,,,,,,,,
62,,1929,,,,,,,,1.0,0.47870007157325745,0.2969847321510315,,,,
,0.00019262433083908222,1939,,,,,,,,,,,,,,
62,,1939,,,,,,,,0.984375,0.5049145221710205,0.30023038387298584,,,,
,0.00019262433083908222,1949,,,,,,,,,,,,,,
62,,1949,,,,,,,,1.0,0.48329392075538635,0.30401748418807983,,,,
62,,1952,,,,,,,,,,,0.6420047879219055,0.2401132881641388,1.4332306385040283,0.26141631603240967
,0.00018427975443529272,1959,,,,,,,,,,,,,,
63,,1959,,,,,,,,0.96875,0.5103907585144043,0.3269107937812805,,,,
,0.00018427975443529272,1969,,,,,,,,,,,,,,
63,,1969,,,,,,,,0.984375,0.5011422038078308,0.3119831085205078,,,,
,0.00018427975443529272,1979,,,,,,,,,,,,,,
63,,1979,,,,,,,,1.0,0.502834677696228,0.2928767204284668,,,,
63,,1983,,,,,,,,,,,0.6467780470848083,0.2219119369983673,1.404819130897522,0.259304940700531
,0.00017601829389220054,1989,,,,,,,,,,,,,,
64,,1989,,,,,,,,1.0,0.4701339304447174,0.306922972202301,,,,
,0.00017601829389220054,1999,,,,,,,,,,,,,,
64,,1999,,,,,,,,1.0,0.47059106826782227,0.29743319749832153,,,,
,0.00017601829389220054,2009,,,,,,,,,,,,,,
64,,2009,,,,,,,,1.0,0.48205843567848206,0.2809942364692688,,,,
64,,2014,,,,,,,,,,,0.6372315287590027,0.23391233384609222,1.4247592687606812,0.2577259838581085
,0.000167850014526897,2019,,,,,,,,,,,,,,
65,,2019,,,,,,,,0.984375,0.4934014678001404,0.30772221088409424,,,,
,0.000167850014526897,2029,,,,,,,,,,,,,,
65,,2029,,,,,,,,1.0,0.4762999415397644,0.3034937381744385,,,,
,0.000167850014526897,2039,,,,,,,,,,,,,,
65,,2039,,,,,,,,1.0,0.4718628227710724,0.27758660912513733,,,,
65,,2045,,,,,,,,,,,0.6396181583404541,0.24585027992725372,1.4237463474273682,0.2575259804725647
,0.00015978486812956175,2049,,,,,,,,,,,,,,
66,,2049,,,,,,,,1.0,0.48359572887420654,0.2738249897956848,,,,
,0.00015978486812956175,2059,,,,,,,,,,,,,,
66,,2059,,,,,,,,1.0,0.46955546736717224,0.2988061308860779,,,,
,0.00015978486812956175,2069,,,,,,,,,,,,,,
66,,2069,,,,,,,,1.0,0.4883587658405304,0.3038051128387451,,,,
66,,2076,,,,,,,,,,,0.6420047879219055,0.21967749297618866,1.410479187965393,0.2554410994052887
,0.0001518326808387395,2079,,,,,,,,,,,,,,
67,,2079,,,,,,,,1.0,0.4760047495365143,0.2956311106681824,,,,
,0.0001518326808387395,2089,,,,,,,,,,,,,,
67,,2089,,,,,,,,1.0,0.4754129648208618,0.2795245051383972,,,,
,0.0001518326808387395,2099,,,,,,,,,,,,,,
67,,2099,,,,,,,,1.0,0.4899202287197113,0.3073524832725525,,,,
67,,2107,,,,,,,,,,,0.6420047879219055,0.2415390908718109,1.4107987880706787,0.256017804145813
,0.0001440031411697033,2109,,,,,,,,,,,,,,
68,,2109,,,,,,,,1.0,0.4929119050502777,0.3321642577648163,,,,
,0.0001440031411697033,2119,,,,,,,,,,,,,,
68,,2119,,,,,,,,1.0,0.4759973883628845,0.3087950646877289,,,,
,0.0001440031411697033,2129,,,,,,,,,,,,,,
68,,2129,,,,,,,,1.0,0.4808768033981323,0.24925357103347778,,,,
68,,2138,,,,,,,,,,,0.6443914175033569,0.23448219895362854,1.4028899669647217,0.2557092308998108
,0.0001363057882104921,2139,,,,,,,,,,,,,,
69,,2139,,,,,,,,1.0,0.47438517212867737,0.2833605408668518,,,,
,0.0001363057882104921,2149,,,,,,,,,,,,,,
69,,2149,,,,,,,,1.0,0.4738278388977051,0.28769609332084656,,,,
,0.0001363057882104921,2159,,,,,,,,,,,,,,
69,,2159,,,,,,,,1.0,0.4782102704048157,0.28442323207855225,,,,
,0.0001363057882104921,2169,,,,,,,,,,,,,,
69,,2169,,,,,,,,1.0,0.4679085910320282,0.17735344171524048,,,,
69,,2169,,,,,,,,,,,0.6491646766662598,0.2588980793952942,1.4075031280517578,0.255381315946579
,0.00012875000000000007,2179,,,,,,,,,,,,,,
70,,2179,,,,,,,,1.0,0.480766236782074,0.2987704575061798,,,,
,0.00012875000000000007,2189,,,,,,,,,,,,,,
70,,2189,,,,,,,,1.0,0.4768378734588623,0.2845717668533325,,,,
,0.00012875000000000007,2199,,,,,,,,,,,,,,
70,,2199,,,,,,,,0.984375,0.4926328659057617,0.2957848608493805,,,,
70,,2200,,,,,,,,,,,0.6420047879219055,0.25757041573524475,1.4058613777160645,0.2545960247516632
,0.0001213449821022818,2209,,,,,,,,,,,,,,
71,,2209,,,,,,,,1.0,0.48043081164360046,0.2975856065750122,,,,
,0.0001213449821022818,2219,,,,,,,,,,,,,,
71,,2219,,,,,,,,0.984375,0.48686733841896057,0.2703130841255188,,,,
,0.0001213449821022818,2229,,,,,,,,,,,,,,
71,,2229,,,,,,,,0.984375,0.501680314540863,0.31501543521881104,,,,
71,,2231,,,,,,,,,,,0.6587111949920654,0.26577338576316833,1.4027899503707886,0.25427258014678955
,0.00011409975639099019,2239,,,,,,,,,,,,,,
72,,2239,,,,,,,,1.0,0.4839126765727997,0.27659451961517334,,,,
,0.00011409975639099019,2249,,,,,,,,,,,,,,
72,,2249,,,,,,,,1.0,0.48488849401474,0.2774657905101776,,,,
,0.00011409975639099019,2259,,,,,,,,,,,,,,
72,,2259,,,,,,,,1.0,0.4751456677913666,0.2906375825405121,,,,
72,,2262,,,,,,,,,,,0.663484513759613,0.2661416828632355,1.4067240953445435,0.25350484251976013
,0.00010702315005761292,2269,,,,,,,,,,,,,,
73,,2269,,,,,,,,1.0,0.48316749930381775,0.29616886377334595,,,,
,0.00010702315005761292,2279,,,,,,,,,,,,,,
73,,2279,,,,,,,,0.984375,0.49338871240615845,0.2865058183670044,,,,
,0.00010702315005761292,2289,,,,,,,,,,,,,,
73,,2289,,,,,,,,1.0,0.4854494035243988,0.3038376569747925,,,,
73,,2293,,,,,,,,,,,0.6539379358291626,0.2576083838939667,1.3979933261871338,0.2535547614097595
,0.00010012378485689957,2299,,,,,,,,,,,,,,
74,,2299,,,,,,,,1.0,0.47947758436203003,0.2915206849575043,,,,
,0.00010012378485689957,2309,,,,,,,,,,,,,,
74,,2309,,,,,,,,1.0,0.47344595193862915,0.26142117381095886,,,,
,0.00010012378485689957,2319,,,,,,,,,,,,,,
74,,2319,,,,,,,,1.0,0.4737882912158966,0.31675493717193604,,,,
74,,2324,,,,,,,,,,,0.6539379358291626,0.24851399660110474,1.405802607536316,0.25162312388420105
,9.34100666025815e-05,2329,,,,,,,,,,,,,,
75,,2329,,,,,,,,1.0,0.4793347418308258,0.2766227424144745,,,,
,9.34100666025815e-05,2339,,,,,,,,,,,,,,
75,,2339,,,,,,,,1.0,0.4744749069213867,0.2641462981700897,,,,
,9.34100666025815e-05,2349,,,,,,,,,,,,,,
75,,2349,,,,,,,,0.984375,0.4885104298591614,0.25870323181152344,,,,
75,,2355,,,,,,,,,,,0.6443914175033569,0.26019996404647827,1.408232569694519,0.25064191222190857
,8.689017492618258e-05,2359,,,,,,,,,,,,,,
76,,2359,,,,,,,,1.0,0.47374048829078674,0.2700519263744354,,,,
,8.689017492618258e-05,2369,,,,,,,,,,,,,,
76,,2369,,,,,,,,1.0,0.47360074520111084,0.2772936224937439,,,,
,8.689017492618258e-05,2379,,,,,,,,,,,,,,
76,,2379,,,,,,,,0.984375,0.48388755321502686,0.2763688266277313,,,,
76,,2386,,,,,,,,,,,0.6420047879219055,0.24900570511817932,1.4115700721740723,0.2500457167625427
,8.057205331139822e-05,2389,,,,,,,,,,,,,,
77,,2389,,,,,,,,1.0,0.47660404443740845,0.2988819181919098,,,,
,8.057205331139822e-05,2399,,,,,,,,,,,,,,
77,,2399,,,,,,,,1.0,0.49392178654670715,0.290676087141037,,,,
,8.057205331139822e-05,2409,,,,,,,,,,,,,,
77,,2409,,,,,,,,1.0,0.47545650601387024,0.2745036482810974,,,,
77,,2417,,,,,,,,,,,0.6467780470848083,0.23165276646614075,1.40946364402771,0.2495281994342804
,7.446339941618382e-05,2419,,,,,,,,,,,,,,
78,,2419,,,,,,,,0.984375,0.5223941802978516,0.31427001953125,,,,
,7.446339941618382e-05,2429,,,,,,,,,,,,,,
78,,2429,,,,,,,,0.984375,0.4942738711833954,0.2681676745414734,,,,
,7.446339941618382e-05,2439,,,,,,,,,,,,,,
78,,2439,,,,,,,,0.984375,0.48926764726638794,0.3072451651096344,,,,
78,,2448,,,,,,,,,,,0.6372315287590027,0.24301648139953613,1.4096019268035889,0.2476668655872345
,6.857165569434498e-05,2449,,,,,,,,,,,,,,
79,,2449,,,,,,,,1.0,0.4912119209766388,0.30345940589904785,,,,
,6.857165569434498e-05,2459,,,,,,,,,,,,,,
79,,2459,,,,,,,,1.0,0.4830658435821533,0.30357787013053894,,,,
,6.857165569434498e-05,2469,,,,,,,,,,,,,,
79,,2469,,,,,,,,1.0,0.472975492477417,0.28140050172805786,,,,
,6.857165569434498e-05,2479,,,,,,,,,,,,,,
79,,2479,,,,,,,,1.0,0.46625885367393494,0.15461120009422302,,,,
79,,2479,,,,,,,,,,,0.6443914175033569,0.24005571007728577,1.412777304649353,0.2468571960926056
,6.290400032805297e-05,2489,,,,,,,,,,,,,,
80,,2489,,,,,,,,0.984375,0.4855039119720459,0.26171204447746277,,,,
,6.290400032805297e-05,2499,,,,,,,,,,,,,,
80,,2499,,,,,,,,1.0,0.4764690399169922,0.260856032371521,,,,
,6.290400032805297e-05,2509,,,,,,,,,,,,,,
80,,2509,,,,,,,,1.0,0.4788585305213928,0.2828521430492401,,,,
80,,2510,,,,,,,,,,,0.6467780470848083,0.24015744030475616,1.3972188234329224,0.24694250524044037
,5.746733848233633e-05,2519,,,,,,,,,,,,,,
81,,2519,,,,,,,,1.0,0.4702761173248291,0.24618935585021973,,,,
,5.746733848233633e-05,2529,,,,,,,,,,,,,,
81,,2529,,,,,,,,1.0,0.47571635246276855,0.2730545401573181,,,,
,5.746733848233633e-05,2539,,,,,,,,,,,,,,
81,,2539,,,,,,,,1.0,0.46987900137901306,0.265308678150177,,,,
81,,2541,,,,,,,,,,,0.6467780470848083,0.2270268052816391,1.4084059000015259,0.24698132276535034
,5.2268293892200535e-05,2549,,,,,,,,,,,,,,
82,,2549,,,,,,,,0.984375,0.47826331853866577,0.25817421078681946,,,,
,5.2268293892200535e-05,2559,,,,,,,,,,,,,,
82,,2559,,,,,,,,1.0,0.4760753810405731,0.2680860161781311,,,,
,5.2268293892200535e-05,2569,,,,,,,,,,,,,,
82,,2569,,,,,,,,1.0,0.47644561529159546,0.25504279136657715,,,,
82,,2572,,,,,,,,,,,0.6420047879219055,0.2257954627275467,1.405696153640747,0.24598433077335358
,4.73132007926272e-05,2579,,,,,,,,,,,,,,
83,,2579,,,,,,,,1.0,0.48646003007888794,0.2625138461589813,,,,
,4.73132007926272e-05,2589,,,,,,,,,,,,,,
83,,2589,,,,,,,,1.0,0.4719858765602112,0.265964150428772,,,,
,4.73132007926272e-05,2599,,,,,,,,,,,,,,
83,,2599,,,,,,,,1.0,0.4779928922653198,0.2697991728782654,,,,
83,,2603,,,,,,,,,,,0.6467780470848083,0.22493621706962585,1.4035224914550781,0.2454080879688263
,4.260809620128458e-05,2609,,,,,,,,,,,,,,
84,,2609,,,,,,,,0.984375,0.48811638355255127,0.30277219414711,,,,
,4.260809620128458e-05,2619,,,,,,,,,,,,,,
84,,2619,,,,,,,,1.0,0.48033788800239563,0.2886122763156891,,,,
,4.260809620128458e-05,2629,,,,,,,,,,,,,,
84,,2629,,,,,,,,1.0,0.4690447747707367,0.28674131631851196,,,,
84,,2634,,,,,,,,,,,0.6515513062477112,0.23237816989421844,1.4019817113876343,0.24562883377075195
,3.815871256335142e-05,2639,,,,,,,,,,,,,,
85,,2639,,,,,,,,1.0,0.47236037254333496,0.2555955946445465,,,,
,3.815871256335142e-05,2649,,,,,,,,,,,,,,
85,,2649,,,,,,,,1.0,0.4844418168067932,0.2789791524410248,,,,
,3.815871256335142e-05,2659,,,,,,,,,,,,,,
85,,2659,,,,,,,,1.0,0.47638046741485596,0.2831738591194153,,,,
85,,2665,,,,,,,,,,,0.6467780470848083,0.22829845547676086,1.403194785118103,0.24474062025547028
,3.3970470767415625e-05,2669,,,,,,,,,,,,,,
86,,2669,,,,,,,,1.0,0.47550785541534424,0.24476468563079834,,,,
,3.3970470767415625e-05,2679,,,,,,,,,,,,,,
86,,2679,,,,,,,,1.0,0.48136481642723083,0.27065718173980713,,,,
,3.3970470767415625e-05,2689,,,,,,,,,,,,,,
86,,2689,,,,,,,,1.0,0.48263514041900635,0.26350343227386475,,,,
86,,2696,,,,,,,,,,,0.6420047879219055,0.23829242587089539,1.4008095264434814,0.2448398470878601
,3.004847354095616e-05,2699,,,,,,,,,,,,,,
87,,2699,,,,,,,,0.984375,0.4811556041240692,0.2571425139904022,,,,
,3.004847354095616e-05,2709,,,,,,,,,,,,,,
87,,2709,,,,,,,,0.984375,0.5086630582809448,0.30041182041168213,,,,
,3.004847354095616e-05,2719,,,,,,,,,,,,,,
87,,2719,,,,,,,,1.0,0.47026845812797546,0.2608262896537781,,,,
87,,2727,,,,,,,,,,,0.6396181583404541,0.23314033448696136,1.4004896879196167,0.24461020529270172
,2.6397499233456314e-05,2729,,,,,,,,,,,,,,
88,,2729,,,,,,,,1.0,0.4765833616256714,0.27745896577835083,,,,
,2.6397499233456314e-05,2739,,,,,,,,,,,,,,
88,,2739,,,,,,,,1.0,0.49366945028305054,0.3182772397994995,,,,
,2.6397499233456314e-05,2749,,,,,,,,,,,,,,
88,,2749,,,,,,,,1.0,0.4793199300765991,0.2654065489768982,,,,
88,,2758,,,,,,,,,,,0.6443914175033569,0.23032790422439575,1.4043631553649902,0.24409282207489014
,2.3021995994720142e-05,2759,,,,,,,,,,,,,,
89,,2759,,,,,,,,1.0,0.47364911437034607,0.2576754093170166,,,,
,2.3021995994720142e-05,2769,,,,,,,,,,,,,,
89,,2769,,,,,,,,1.0,0.4654639661312103,0.2576884329319,,,,
,2.3021995994720142e-05,2779,,,,,,,,,,,,,,
89,,2779,,,,,,,,1.0,0.46467551589012146,0.2648886740207672,,,,
,2.3021995994720142e-05,2789,,,,,,,,,,,,,,
89,,2789,,,,,,,,1.0,0.47476768493652344,0.1456807255744934,,,,
89,,2789,,,,,,,,,,,0.6396181583404541,0.21576732397079468,1.4018012285232544,0.2439059466123581
,1.9926076355487693e-05,2799,,,,,,,,,,,,,,
90,,2799,,,,,,,,1.0,0.47618937492370605,0.2734016478061676,,,,
,1.9926076355487693e-05,2809,,,,,,,,,,,,,,
90,,2809,,,,,,,,0.984375,0.5032952427864075,0.28390511870384216,,,,
,1.9926076355487693e-05,2819,,,,,,,,,,,,,,
90,,2819,,,,,,,,1.0,0.46661823987960815,0.25302839279174805,,,,
90,,2820,,,,,,,,,,,0.6420047879219055,0.21640586853027344,1.4027751684188843,0.24368180334568024
,1.7113512216949503e-05,2829,,,,,,,,,,,,,,
91,,2829,,,,,,,,1.0,0.4717947244644165,0.2573387026786804,,,,
,1.7113512216949503e-05,2839,,,,,,,,,,,,,,
91,,2839,,,,,,,,1.0,0.4870397448539734,0.2867889404296875,,,,
,1.7113512216949503e-05,2849,,,,,,,,,,,,,,
91,,2849,,,,,,,,1.0,0.47766175866127014,0.25302955508232117,,,,
91,,2851,,,,,,,,,,,0.6420047879219055,0.2206161469221115,1.400253415107727,0.24374710023403168
,1.458773025526613e-05,2859,,,,,,,,,,,,,,
92,,2859,,,,,,,,1.0,0.48131272196769714,0.26131877303123474,,,,
,1.458773025526613e-05,2869,,,,,,,,,,,,,,
92,,2869,,,,,,,,1.0,0.4778886139392853,0.24918769299983978,,,,
,1.458773025526613e-05,2879,,,,,,,,,,,,,,
92,,2879,,,,,,,,1.0,0.4719948470592499,0.2623516023159027,,,,
92,,2882,,,,,,,,,,,0.6443914175033569,0.22119471430778503,1.3982155323028564,0.24356284737586975
,1.2351807746690875e-05,2889,,,,,,,,,,,,,,
93,,2889,,,,,,,,1.0,0.4694637358188629,0.24224857985973358,,,,
,1.2351807746690875e-05,2899,,,,,,,,,,,,,,
93,,2899,,,,,,,,1.0,0.4661491811275482,0.24320529401302338,,,,
,1.2351807746690875e-05,2909,,,,,,,,,,,,,,
93,,2909,,,,,,,,1.0,0.4700862467288971,0.29540181159973145,,,,
93,,2913,,,,,,,,,,,0.6420047879219055,0.22044962644577026,1.3972818851470947,0.2436421662569046
,1.0408468818383094e-05,2919,,,,,,,,,,,,,,
94,,2919,,,,,,,,1.0,0.47538724541664124,0.2682880461215973,,,,
,1.0408468818383094e-05,2929,,,,,,,,,,,,,,
94,,2929,,,,,,,,1.0,0.4742800295352936,0.25475186109542847,,,,
,1.0408468818383094e-05,2939,,,,,,,,,,,,,,
94,,2939,,,,,,,,0.984375,0.47546520829200745,0.23443859815597534,,,,
94,,2944,,,,,,,,,,,0.6420047879219055,0.2206161469221115,1.3984941244125366,0.24361827969551086
,8.760081129478516e-06,2949,,,,,,,,,,,,,,
95,,2949,,,,,,,,1.0,0.4641335606575012,0.2481241226196289,,,,
,8.760081129478516e-06,2959,,,,,,,,,,,,,,
95,,2959,,,,,,,,0.984375,0.4825272262096405,0.2932174801826477,,,,
,8.760081129478516e-06,2969,,,,,,,,,,,,,,
95,,2969,,,,,,,,1.0,0.4729093611240387,0.25988519191741943,,,,
95,,2975,,,,,,,,,,,0.6443914175033569,0.22119471430778503,1.4005868434906006,0.24366793036460876
,7.408652986461364e-06,2979,,,,,,,,,,,,,,
96,,2979,,,,,,,,1.0,0.47313398122787476,0.25822627544403076,,,,
,7.408652986461364e-06,2989,,,,,,,,,,,,,,
96,,2989,,,,,,,,1.0,0.48195111751556396,0.26400262117385864,,,,
,7.408652986461364e-06,2999,,,,,,,,,,,,,,
96,,2999,,,,,,,,1.0,0.46767425537109375,0.2540898025035858,,,,
96,,3006,,,,,,,,,,,0.6443914175033569,0.22119471430778503,1.4017354249954224,0.24368345737457275
,6.355830896352361e-06,3009,,,,,,,,,,,,,,
97,,3009,,,,,,,,1.0,0.47261080145835876,0.2876633405685425,,,,
,6.355830896352361e-06,3019,,,,,,,,,,,,,,
97,,3019,,,,,,,,1.0,0.48953977227211,0.2578865885734558,,,,
,6.355830896352361e-06,3029,,,,,,,,,,,,,,
97,,3029,,,,,,,,1.0,0.4792110025882721,0.2682499289512634,,,,
97,,3037,,,,,,,,,,,0.6443914175033569,0.22119471430778503,1.4013992547988892,0.24361836910247803
,5.602897560693511e-06,3039,,,,,,,,,,,,,,
98,,3039,,,,,,,,1.0,0.48025399446487427,0.24866801500320435,,,,
,5.602897560693511e-06,3049,,,,,,,,,,,,,,
98,,3049,,,,,,,,1.0,0.4704984128475189,0.2658125162124634,,,,
,5.602897560693511e-06,3059,,,,,,,,,,,,,,
98,,3059,,,,,,,,1.0,0.47083181142807007,0.24782870709896088,,,,
98,,3068,,,,,,,,,,,0.6467780470848083,0.2231529802083969,1.4016633033752441,0.2434527575969696
,5.150770312773799e-06,3069,,,,,,,,,,,,,,
99,,3069,,,,,,,,1.0,0.4705990254878998,0.2544209361076355,,,,
,5.150770312773799e-06,3079,,,,,,,,,,,,,,
99,,3079,,,,,,,,1.0,0.4792635142803192,0.2709784507751465,,,,
,5.150770312773799e-06,3089,,,,,,,,,,,,,,
99,,3089,,,,,,,,1.0,0.47600752115249634,0.2676582932472229,,,,
,5.150770312773799e-06,3099,,,,,,,,,,,,,,
99,,3099,,,,,,,,1.0,0.4714754819869995,0.1658041924238205,,,,
99,,3099,,,,,,,,,,,0.6443914175033569,0.22119471430778503,1.4008724689483643,0.24342480301856995
100,,3100,0.6785714030265808,0.6332244873046875,0.285522997379303,0.246668741106987,1.347824215888977,0.2486540973186493,0.2387426346540451,,,,,,,
