causal/Audio_Influence,causal/Text_Influence,causal/Video_Influence,causal/temperature,epoch,lr-AdamW,step,test_acc,test_auroc,test_bal_acc,test_balanced_acc,test_loss,test_loss_causal,test_loss_diff,test_loss_kl,test_loss_recon,test_loss_task,test_macro_f1,train_acc,train_bal_acc,train_loss,train_loss_causal,train_loss_diff,train_loss_kl,train_loss_recon,train_loss_task,val_acc,val_bal_acc,val_loss,val_loss_causal,val_loss_diff,val_loss_kl,val_loss_recon,val_loss_task,warmup/gamma_diff,warmup/gamma_kl,warmup/gamma_recon
,,,,,5e-05,9,,,,,,,,,,,,,,,,,,,,,,,,,,,,,,
,,,,0,,9,,,,,,,,,,,,0.28125,,2.7374863624572754,0.2087225615978241,0.0,0.4766709804534912,0.0,2.727050304412842,,,,,,,,,0.0,0.0,0.05000000074505806
,,,,,5e-05,19,,,,,,,,,,,,,,,,,,,,,,,,,,,,,,
,,,,0,,19,,,,,,,,,,,,0.234375,,2.9596362113952637,0.19047868251800537,0.0,0.48876243829727173,0.0,2.9501123428344727,,,,,,,,,0.0,0.0,0.05000000074505806
,,,,,5e-05,29,,,,,,,,,,,,,,,,,,,,,,,,,,,,,,
,,,,0,,29,,,,,,,,,,,,0.3125,,2.6625542640686035,0.17039042711257935,0.0,0.5192683339118958,0.0,2.6540348529815674,,,,,,,,,0.0,0.0,0.05000000074505806
0.32213157415390015,0.35170939564704895,0.3261590301990509,,0,,30,,,,,,,,,,,,,,,,,,,,0.6682577729225159,0.18703262507915497,2.747252941131592,0.12014380097389221,0.0,0.57207852602005,0.0,2.741245985031128,,,
,,,1.0,0,,30,,,,,,,,,,,,,0.1346265822649002,,,,,,,,,,,,,,,,,
,,,,,9.5e-05,39,,,,,,,,,,,,,,,,,,,,,,,,,,,,,,
,,,,1,,39,,,,,,,,,,,,0.546875,,2.5527615547180176,0.14291465282440186,0.0,0.5484041571617126,0.0,2.4907755851745605,,,,,,,,,0.0,0.10000000149011612,0.10000000149011612
,,,,,9.5e-05,49,,,,,,,,,,,,,,,,,,,,,,,,,,,,,,
,,,,1,,49,,,,,,,,,,,,0.515625,,2.69807767868042,0.1161927804350853,0.0,0.560762345790863,0.0,2.6361918449401855,,,,,,,,,0.0,0.10000000149011612,0.10000000149011612
,,,,,9.5e-05,59,,,,,,,,,,,,,,,,,,,,,,,,,,,,,,
,,,,1,,59,,,,,,,,,,,,0.359375,,3.117875337600708,0.0973135232925415,0.0,0.5615121722221375,0.0,3.056858539581299,,,,,,,,,0.0,0.10000000149011612,0.10000000149011612
0.2984579801559448,0.368088960647583,0.333452969789505,,1,,61,,,,,,,,,,,,,,,,,,,,0.6658711433410645,0.186287522315979,2.789217710494995,0.0436725951731205,0.0,0.6575550436973572,0.0,2.721278429031372,,,
,,,0.949999988079071,1,,61,,,,,,,,,,,,,0.15854983031749725,,,,,,,,,,,,,,,,,
,,,,,0.00014000000000000001,69,,,,,,,,,,,,,,,,,,,,,,,,,,,,,,
,,,,2,,69,,,,,,,,,,,,0.515625,,2.273658514022827,0.07557864487171173,0.0,0.547734797000885,0.0,2.160332679748535,,,,,,,,,0.0,0.20000000298023224,0.15000000596046448
,,,,,0.00014000000000000001,79,,,,,,,,,,,,,,,,,,,,,,,,,,,,,,
,,,,2,,79,,,,,,,,,,,,0.546875,,2.683565378189087,0.05246454477310181,0.0,0.45947185158729553,0.0,2.58904767036438,,,,,,,,,0.0,0.20000000298023224,0.15000000596046448
,,,,,0.00014000000000000001,89,,,,,,,,,,,,,,,,,,,,,,,,,,,,,,
,,,,2,,89,,,,,,,,,,,,0.34375,,3.1926348209381104,0.03775150328874588,0.0,0.4040011465549469,0.0,3.1099469661712646,,,,,,,,,0.0,0.20000000298023224,0.15000000596046448
0.26508262753486633,0.31561899185180664,0.41929835081100464,,2,,92,,,,,,,,,,,,,,,,,,,,0.6682577729225159,0.18703262507915497,2.737438440322876,0.012395321391522884,0.0,0.3671609163284302,0.0,2.663386344909668,,,
,,,0.8999999761581421,2,,92,,,,,,,,,,,,,0.18529808521270752,,,,,,,,,,,,,,,,,
,,,,,0.00018500000000000002,99,,,,,,,,,,,,,,,,,,,,,,,,,,,,,,
,,,,3,,99,,,,,,,,,,,,0.578125,,2.921553134918213,0.02885364182293415,0.0,0.33653879165649414,0.0,2.8191487789154053,,,,,,,,,0.0,0.30000001192092896,0.20000000298023224
,,,,,0.00018500000000000002,109,,,,,,,,,,,,,,,,,,,,,,,,,,,,,,
,,,,3,,109,,,,,,,,,,,,0.34375,,3.2572999000549316,0.020571023225784302,0.0,0.28571733832359314,0.0,3.17055606842041,,,,,,,,,0.0,0.30000001192092896,0.20000000298023224
,,,,,0.00018500000000000002,119,,,,,,,,,,,,,,,,,,,,,,,,,,,,,,
,,,,3,,119,,,,,,,,,,,,0.390625,,3.177603006362915,0.015936866402626038,0.0,0.2355695217847824,0.0,3.106135368347168,,,,,,,,,0.0,0.30000001192092896,0.20000000298023224
0.247533917427063,0.2848378121852875,0.46762827038764954,,3,,123,,,,,,,,,,,,,,,,,,,,0.6539379358291626,0.21297194063663483,2.737485647201538,0.005120455287396908,0.0,0.1888304352760315,0.0,2.6805801391601562,,,
,,,0.8500000238418579,3,,123,,,,,,,,,,,,,0.1777133196592331,,,,,,,,,,,,,,,,,
,,,,,0.00023000000000000003,129,,,,,,,,,,,,,,,,,,,,,,,,,,,,,,
,,,,4,,129,,,,,,,,,,,,0.4375,,3.559723377227783,0.0123030636459589,0.0,0.21020321547985077,0.0,3.475027084350586,,,,,,,,,0.0,0.4000000059604645,0.25
,,,,,0.00023000000000000003,139,,,,,,,,,,,,,,,,,,,,,,,,,,,,,,
,,,,4,,139,,,,,,,,,,,,0.53125,,3.069157123565674,0.009717277251183987,0.0,0.16029980778694153,0.0,3.004551410675049,,,,,,,,,0.0,0.4000000059604645,0.25
,,,,,0.00023000000000000003,149,,,,,,,,,,,,,,,,,,,,,,,,,,,,,,
,,,,4,,149,,,,,,,,,,,,0.46875,,3.2467055320739746,0.007402524352073669,0.0,0.13322949409484863,0.0,3.1930437088012695,,,,,,,,,0.0,0.4000000059604645,0.25
0.17124396562576294,0.2049381136894226,0.6238178014755249,,4,,154,,,,,,,,,,,,,,,,,,,,0.5059666037559509,0.23992919921875,2.7429792881011963,0.002662663348019123,0.0,0.09256202727556229,0.0,2.7058212757110596,,,
,,,0.800000011920929,4,,154,,,,,,,,,,,,,0.21179915964603424,,,,,,,,,,,,,,,,,
,,,,,0.000275,159,,,,,,,,,,,,,,,,,,,,,,,,,,,,,,
,,,,5,,159,,,,,,,,,,,,0.40625,,2.2801971435546875,0.005970106925815344,0.0,0.09908121079206467,0.0,2.230358123779297,,,,,,,,,0.0,0.5,0.30000001192092896
,,,,,0.000275,169,,,,,,,,,,,,,,,,,,,,,,,,,,,,,,
,,,,5,,169,,,,,,,,,,,,0.453125,,3.4505810737609863,0.004794218577444553,0.0,0.0965556725859642,0.0,3.4020636081695557,,,,,,,,,0.0,0.5,0.30000001192092896
,,,,,0.000275,179,,,,,,,,,,,,,,,,,,,,,,,,,,,,,,
,,,,5,,179,,,,,,,,,,,,0.484375,,2.9749181270599365,0.0045961420983076096,0.0,0.08554581552743912,0.0,2.931915283203125,,,,,,,,,0.0,0.5,0.30000001192092896
0.1668718457221985,0.15793068706989288,0.6751974821090698,,5,,185,,,,,,,,,,,,,,,,,,,,0.6610978245735168,0.23507654666900635,2.667825937271118,0.002291050972416997,0.0,0.07778754085302353,0.0,2.6288177967071533,,,
,,,0.75,5,,185,,,,,,,,,,,,,0.1930696815252304,,,,,,,,,,,,,,,,,
,,,,,0.00032,189,,,,,,,,,,,,,,,,,,,,,,,,,,,,,,
,,,,6,,189,,,,,,,,,,,,0.5625,,2.433436870574951,0.004759863018989563,0.0,0.08276081830263138,0.0,2.383542537689209,,,,,,,,,0.0,0.6000000238418579,0.3499999940395355
,,,,,0.00032,199,,,,,,,,,,,,,,,,,,,,,,,,,,,,,,
,,,,6,,199,,,,,,,,,,,,0.484375,,3.1513326168060303,0.004982326179742813,0.0,0.07276121526956558,0.0,3.107426643371582,,,,,,,,,0.0,0.6000000238418579,0.3499999940395355
,,,,,0.00032,209,,,,,,,,,,,,,,,,,,,,,,,,,,,,,,
,,,,6,,209,,,,,,,,,,,,0.515625,,2.951659917831421,0.004518713336437941,0.0,0.0692085549235344,0.0,2.9099087715148926,,,,,,,,,0.0,0.6000000238418579,0.3499999940395355
0.07851110398769379,0.11769136786460876,0.8037975430488586,,6,,216,,,,,,,,,,,,,,,,,,,,0.6658711433410645,0.24046561121940613,2.6358962059020996,0.002735426416620612,0.0,0.05483372509479523,0.0,2.6028594970703125,,,
,,,0.699999988079071,6,,216,,,,,,,,,,,,,0.198626309633255,,,,,,,,,,,,,,,,,
,,,,,0.00036500000000000004,219,,,,,,,,,,,,,,,,,,,,,,,,,,,,,,
,,,,7,,219,,,,,,,,,,,,0.640625,,2.8465511798858643,0.0038334836717694998,0.0,0.0631328672170639,0.0,2.80216646194458,,,,,,,,,0.0,0.699999988079071,0.4000000059604645
,,,,,0.00036500000000000004,229,,,,,,,,,,,,,,,,,,,,,,,,,,,,,,
,,,,7,,229,,,,,,,,,,,,0.421875,,3.055389642715454,0.003996303305029869,0.0,0.06262800842523575,0.0,3.011350154876709,,,,,,,,,0.0,0.699999988079071,0.4000000059604645
,,,,,0.00036500000000000004,239,,,,,,,,,,,,,,,,,,,,,,,,,,,,,,
,,,,7,,239,,,,,,,,,,,,0.609375,,2.864767074584961,0.0021591661497950554,0.0,0.05339202284812927,0.0,2.827284574508667,,,,,,,,,0.0,0.699999988079071,0.4000000059604645
0.09685217589139938,0.20106585323810577,0.7020819187164307,,7,,247,,,,,,,,,,,,,,,,,,,,0.5799522399902344,0.2510795593261719,2.697002649307251,0.0009432377410121262,0.0,0.049212466925382614,0.0,2.6625068187713623,,,
,,,0.6499999761581421,7,,247,,,,,,,,,,,,,0.21200503408908844,,,,,,,,,,,,,,,,,
,,,,,0.00041000000000000005,249,,,,,,,,,,,,,,,,,,,,,,,,,,,,,,
,,,,8,,249,,,,,,,,,,,,0.625,,2.365840435028076,0.0021187884267419577,0.0,0.052269306033849716,0.0,2.3239190578460693,,,,,,,,,0.0,0.800000011920929,0.44999998807907104
,,,,,0.00041000000000000005,259,,,,,,,,,,,,,,,,,,,,,,,,,,,,,,
,,,,8,,259,,,,,,,,,,,,0.609375,,3.3554985523223877,0.0018152289558202028,0.0,0.04977330565452576,0.0,3.31558895111084,,,,,,,,,0.0,0.800000011920929,0.44999998807907104
,,,,,0.00041000000000000005,269,,,,,,,,,,,,,,,,,,,,,,,,,,,,,,
,,,,8,,269,,,,,,,,,,,,0.578125,,2.878988265991211,0.0024636131711304188,0.0,0.03497448191046715,0.0,2.8508853912353516,,,,,,,,,0.0,0.800000011920929,0.44999998807907104
0.08684108406305313,0.11540956050157547,0.7977492809295654,,8,,278,,,,,,,,,,,,,,,,,,,,0.656324565410614,0.25049862265586853,2.635894298553467,0.0023037337232381105,0.0,0.04025295749306679,0.0,2.603576898574829,,,
,,,0.6000000238418579,8,,278,,,,,,,,,,,,,0.20866759121418,,,,,,,,,,,,,,,,,
,,,,,0.0004550000000000001,279,,,,,,,,,,,,,,,,,,,,,,,,,,,,,,
,,,,9,,279,,,,,,,,,,,,0.546875,,2.699951410293579,0.0030197743326425552,0.0,0.034740809351205826,0.0,2.6685338020324707,,,,,,,,,0.0,0.8999999761581421,0.5
,,,,,0.0004550000000000001,289,,,,,,,,,,,,,,,,,,,,,,,,,,,,,,
,,,,9,,289,,,,,,,,,,,,0.453125,,3.0503666400909424,0.001720571774058044,0.0,0.029510825872421265,0.0,3.0237207412719727,,,,,,,,,0.0,0.8999999761581421,0.5
,,,,,0.0004550000000000001,299,,,,,,,,,,,,,,,,,,,,,,,,,,,,,,
,,,,9,,299,,,,,,,,,,,,0.5625,,2.7358787059783936,0.0026986582670360804,0.0,0.03758975490927696,0.0,2.7019128799438477,,,,,,,,,0.0,0.8999999761581421,0.5
,,,,,0.0004550000000000001,309,,,,,,,,,,,,,,,,,,,,,,,,,,,,,,
,,,,9,,309,,,,,,,,,,,,0.5277777910232544,,3.4137375354766846,0.0031672557815909386,0.0,0.049808114767074585,0.0,3.3687520027160645,,,,,,,,,0.0,0.8999999761581421,0.5
0.06921176612377167,0.10350389033555984,0.8272842764854431,,9,,309,,,,,,,,,,,,,,,,,,,,0.6014319658279419,0.2524464726448059,2.6587822437286377,0.0021413888316601515,0.0,0.047858189791440964,0.0,2.615602731704712,,,
,,,0.550000011920929,9,,309,,,,,,,,,,,,,0.2135058343410492,,,,,,,,,,,,,,,,,
,,,,,0.0005,319,,,,,,,,,,,,,,,,,,,,,,,,,,,,,,
,,,,10,,319,,,,,,,,,,,,0.625,,2.645453691482544,0.0016228975728154182,0.0,0.03484424576163292,0.0,2.6105284690856934,,,,,,,,,0.05000000074505806,1.0,0.550000011920929
,,,,,0.0005,329,,,,,,,,,,,,,,,,,,,,,,,,,,,,,,
,,,,10,,329,,,,,,,,,,,,0.578125,,2.7214338779449463,0.0007989522418938577,0.0,0.02389226295053959,0.0,2.6975016593933105,,,,,,,,,0.05000000074505806,1.0,0.550000011920929
,,,,,0.0005,339,,,,,,,,,,,,,,,,,,,,,,,,,,,,,,
,,,,10,,339,,,,,,,,,,,,0.609375,,2.924814462661743,0.000976688927039504,0.0,0.029634559527039528,0.0,2.8951311111450195,,,,,,,,,0.05000000074505806,1.0,0.550000011920929
0.2379504293203354,0.1699049025774002,0.5921444892883301,,10,,340,,,,,,,,,,,,,,,,,,,,0.6324582099914551,0.25069984793663025,2.6294453144073486,0.0006480721058323979,0.0,0.03477175906300545,0.0,2.5946409702301025,,,
,,,0.5,10,,340,,,,,,,,,,,,,0.24356171488761902,,,,,,,,,,,,,,,,,
,,,,,0.0004998492296872263,349,,,,,,,,,,,,,,,,,,,,,,,,,,,,,,
,,,,11,,349,,,,,,,,,,,,0.609375,,2.5229175090789795,0.001346089760772884,0.0,0.03204062581062317,0.0,2.490809679031372,,,,,,,,,0.10000000149011612,1.0,0.6000000238418579
,,,,,0.0004998492296872263,359,,,,,,,,,,,,,,,,,,,,,,,,,,,,,,
,,,,11,,359,,,,,,,,,,,,0.5625,,3.761166572570801,0.0014869392616674304,0.0,0.026899853721261024,0.0,3.734192371368408,,,,,,,,,0.10000000149011612,1.0,0.6000000238418579
,,,,,0.0004998492296872263,369,,,,,,,,,,,,,,,,,,,,,,,,,,,,,,
,,,,11,,369,,,,,,,,,,,,0.578125,,2.497598886489868,0.0011886430438607931,0.0,0.020143982023000717,0.0,2.477395534515381,,,,,,,,,0.10000000149011612,1.0,0.6000000238418579
0.14549200236797333,0.1381707340478897,0.7163372039794922,,11,,371,,,,,,,,,,,,,,,,,,,,0.5704057216644287,0.2649271488189697,2.666456937789917,0.0014239544980227947,0.0,0.03278116509318352,0.0,2.6336047649383545,,,
,,,0.5,11,,371,,,,,,,,,,,,,0.23705227673053741,,,,,,,,,,,,,,,,,
,,,,,0.0004993971024393066,379,,,,,,,,,,,,,,,,,,,,,,,,,,,,,,
,,,,12,,379,,,,,,,,,,,,0.5625,,2.8990352153778076,0.0022614167537540197,0.0,0.03305290639400482,0.0,2.8658692836761475,,,,,,,,,0.15000000596046448,1.0,0.6499999761581421
,,,,,0.0004993971024393066,389,,,,,,,,,,,,,,,,,,,,,,,,,,,,,,
,,,,12,,389,,,,,,,,,,,,0.578125,,2.932030200958252,0.001742090447805822,0.0,0.024586673825979233,0.0,2.9073565006256104,,,,,,,,,0.15000000596046448,1.0,0.6499999761581421
,,,,,0.0004993971024393066,399,,,,,,,,,,,,,,,,,,,,,,,,,,,,,,
,,,,12,,399,,,,,,,,,,,,0.703125,,2.39660382270813,0.0005486218142323196,0.0,0.0173045601695776,0.0,2.3792717456817627,,,,,,,,,0.15000000596046448,1.0,0.6499999761581421
0.4584032893180847,0.10110212117433548,0.44049450755119324,,12,,402,,,,,,,,,,,,,,,,,,,,0.6491646766662598,0.2573555111885071,2.611935615539551,0.0013778976863250136,0.0,0.027364101260900497,0.0,2.5845024585723877,,,
,,,0.5,12,,402,,,,,,,,,,,,,0.2593926191329956,,,,,,,,,,,,,,,,,
,,,,,0.0004986441691036478,409,,,,,,,,,,,,,,,,,,,,,,,,,,,,,,
,,,,13,,409,,,,,,,,,,,,0.484375,,2.61501145362854,0.003913029562681913,0.0,0.03373546525835991,0.0,2.581080198287964,,,,,,,,,0.20000000298023224,1.0,0.699999988079071
,,,,,0.0004986441691036478,419,,,,,,,,,,,,,,,,,,,,,,,,,,,,,,
,,,,13,,419,,,,,,,,,,,,0.65625,,2.17189884185791,0.0027717866469174623,0.0,0.0354982428252697,0.0,2.1362621784210205,,,,,,,,,0.20000000298023224,1.0,0.699999988079071
,,,,,0.0004986441691036478,429,,,,,,,,,,,,,,,,,,,,,,,,,,,,,,
,,,,13,,429,,,,,,,,,,,,0.671875,,2.2938380241394043,0.0013697160175070167,0.0,0.03213630989193916,0.0,2.2616333961486816,,,,,,,,,0.20000000298023224,1.0,0.699999988079071
0.424809068441391,0.1183827817440033,0.4568077623844147,,13,,433,,,,,,,,,,,,,,,,,,,,0.6372315287590027,0.24254058301448822,2.5919899940490723,0.0002781387302093208,0.0,0.028110506013035774,0.0,2.5638654232025146,,,
,,,0.5,13,,433,,,,,,,,,,,,,0.24699142575263977,,,,,,,,,,,,,,,,,
,,,,,0.0004975913470135388,439,,,,,,,,,,,,,,,,,,,,,,,,,,,,,,
,,,,14,,439,,,,,,,,,,,,0.6875,,2.003779172897339,0.00011733668361557648,0.0,0.02039450593292713,0.0,1.9833786487579346,,,,,,,,,0.25,1.0,0.75
,,,,,0.0004975913470135388,449,,,,,,,,,,,,,,,,,,,,,,,,,,,,,,
,,,,14,,449,,,,,,,,,,,,0.59375,,3.0352962017059326,0.00011884548439411446,0.0,0.02441980317234993,0.0,3.0108704566955566,,,,,,,,,0.25,1.0,0.75
,,,,,0.0004975913470135388,459,,,,,,,,,,,,,,,,,,,,,,,,,,,,,,
,,,,14,,459,,,,,,,,,,,,0.546875,,2.456080436706543,0.0001563549303682521,0.0,0.028318151831626892,0.0,2.4277544021606445,,,,,,,,,0.25,1.0,0.75
0.26269716024398804,0.16673730313777924,0.5705651044845581,,14,,464,,,,,,,,,,,,,,,,,,,,0.6396181583404541,0.25412440299987793,2.6194305419921875,0.0002750825078692287,0.0,0.027685342356562614,0.0,2.591731548309326,,,
,,,0.5,14,,464,,,,,,,,,,,,,0.2522885203361511,,,,,,,,,,,,,,,,,
,,,,,0.0004962399188705217,469,,,,,,,,,,,,,,,,,,,,,,,,,,,,,,
,,,,15,,469,,,,,,,,,,,,0.609375,,3.256789207458496,0.0004451627319213003,0.0,0.021757809445261955,0.0,3.23500919342041,,,,,,,,,0.30000001192092896,1.0,0.800000011920929
,,,,,0.0004962399188705217,479,,,,,,,,,,,,,,,,,,,,,,,,,,,,,,
,,,,15,,479,,,,,,,,,,,,0.65625,,2.629743814468384,0.0004916374455206096,0.0,0.030153140425682068,0.0,2.5995662212371826,,,,,,,,,0.30000001192092896,1.0,0.800000011920929
,,,,,0.0004962399188705217,489,,,,,,,,,,,,,,,,,,,,,,,,,,,,,,
,,,,15,,489,,,,,,,,,,,,0.5,,2.7109506130218506,0.000499658053740859,0.0,0.028842678293585777,0.0,2.6820828914642334,,,,,,,,,0.30000001192092896,1.0,0.800000011920929
0.7556807994842529,0.07183247059583664,0.17248664796352386,,15,,495,,,,,,,,,,,,,,,,,,,,0.5011933445930481,0.2794053852558136,2.742645502090454,0.001158043509349227,0.0,0.052487220615148544,0.0,2.6901004314422607,,,
,,,0.5,15,,495,,,,,,,,,,,,,0.24595500528812408,,,,,,,,,,,,,,,,,
,,,,,0.0004945915311816171,499,,,,,,,,,,,,,,,,,,,,,,,,,,,,,,
,,,,16,,499,,,,,,,,,,,,0.546875,,2.43282151222229,0.0004323236644268036,0.0,0.036334093660116196,0.0,2.39646577835083,,,,,,,,,0.3499999940395355,1.0,0.8500000238418579
,,,,,0.0004945915311816171,509,,,,,,,,,,,,,,,,,,,,,,,,,,,,,,
,,,,16,,509,,,,,,,,,,,,0.578125,,2.8668203353881836,0.00038767835940234363,0.0,0.02943292260169983,0.0,2.8373680114746094,,,,,,,,,0.3499999940395355,1.0,0.8500000238418579
,,,,,0.0004945915311816171,519,,,,,,,,,,,,,,,,,,,,,,,,,,,,,,
,,,,16,,519,,,,,,,,,,,,0.578125,,2.8450326919555664,0.0008730959380045533,0.0,0.0315060131251812,0.0,2.8134829998016357,,,,,,,,,0.3499999940395355,1.0,0.8500000238418579
0.2980012595653534,0.3583626449108124,0.3436358571052551,,16,,526,,,,,,,,,,,,,,,,,,,,0.656324565410614,0.23467040061950684,2.6597537994384766,0.0006053819670341909,0.0,0.04777568206191063,0.0,2.611948013305664,,,
,,,0.5,16,,526,,,,,,,,,,,,,0.27068641781806946,,,,,,,,,,,,,,,,,
,,,,,0.0004926481922533092,529,,,,,,,,,,,,,,,,,,,,,,,,,,,,,,
,,,,17,,529,,,,,,,,,,,,0.609375,,2.9792020320892334,0.0004811561375390738,0.0,0.037673018872737885,0.0,2.941504955291748,,,,,,,,,0.4000000059604645,1.0,0.8999999761581421
,,,,,0.0004926481922533092,539,,,,,,,,,,,,,,,,,,,,,,,,,,,,,,
,,,,17,,539,,,,,,,,,,,,0.625,,2.8948421478271484,0.0006256694323383272,0.0,0.032885611057281494,0.0,2.8619253635406494,,,,,,,,,0.4000000059604645,1.0,0.8999999761581421
,,,,,0.0004926481922533092,549,,,,,,,,,,,,,,,,,,,,,,,,,,,,,,
,,,,17,,549,,,,,,,,,,,,0.578125,,2.7151973247528076,0.00047595129581168294,0.0,0.04154745489358902,0.0,2.673625946044922,,,,,,,,,0.4000000059604645,1.0,0.8999999761581421
0.48803088068962097,0.27896326780319214,0.2330058217048645,,17,,557,,,,,,,,,,,,,,,,,,,,0.45823389291763306,0.2713911831378937,2.7988193035125732,0.011940930970013142,0.0,0.08007700741291046,0.0,2.7181453704833984,,,
,,,0.5,17,,557,,,,,,,,,,,,,0.2869619131088257,,,,,,,,,,,,,,,,,
,,,,,0.0004904122697447341,559,,,,,,,,,,,,,,,,,,,,,,,,,,,,,,
,,,,18,,559,,,,,,,,,,,,0.578125,,2.60630464553833,0.0037301538977771997,0.0,0.04200782999396324,0.0,2.564110279083252,,,,,,,,,0.44999998807907104,1.0,0.949999988079071
,,,,,0.0004904122697447341,569,,,,,,,,,,,,,,,,,,,,,,,,,,,,,,
,,,,18,,569,,,,,,,,,,,,0.671875,,2.5386765003204346,0.0009167577954940498,0.0,0.033852726221084595,0.0,2.5047779083251953,,,,,,,,,0.44999998807907104,1.0,0.949999988079071
,,,,,0.0004904122697447341,579,,,,,,,,,,,,,,,,,,,,,,,,,,,,,,
,,,,18,,579,,,,,,,,,,,,0.515625,,2.6181743144989014,0.0004000148910563439,0.0,0.02498512528836727,0.0,2.5931692123413086,,,,,,,,,0.44999998807907104,1.0,0.949999988079071
0.4893897771835327,0.08786965161561966,0.42274028062820435,,18,,588,,,,,,,,,,,,,,,,,,,,0.5966587066650391,0.24665950238704681,2.667057514190674,0.0004519170324783772,0.0,0.04325468838214874,0.0,2.623779773712158,,,
,,,0.5,18,,588,,,,,,,,,,,,,0.3046233355998993,,,,,,,,,,,,,,,,,
,,,,,0.00048788648778305075,589,,,,,,,,,,,,,,,,,,,,,,,,,,,,,,
,,,,19,,589,,,,,,,,,,,,0.578125,,2.9969444274902344,0.00015696637274231762,0.0,0.025163916870951653,0.0,2.9717726707458496,,,,,,,,,0.5,1.0,1.0
,,,,,0.00048788648778305075,599,,,,,,,,,,,,,,,,,,,,,,,,,,,,,,
,,,,19,,599,,,,,,,,,,,,0.640625,,3.0838921070098877,0.00037240044912323356,0.0,0.0510203056037426,0.0,3.032853126525879,,,,,,,,,0.5,1.0,1.0
,,,,,0.00048788648778305075,609,,,,,,,,,,,,,,,,,,,,,,,,,,,,,,
,,,,19,,609,,,,,,,,,,,,0.703125,,2.14831805229187,0.00014827086124569178,0.0,0.034463848918676376,0.0,2.113846778869629,,,,,,,,,0.5,1.0,1.0
,,,,,0.00048788648778305075,619,,,,,,,,,,,,,,,,,,,,,,,,,,,,,,
,,,,19,,619,,,,,,,,,,,,0.5833333134651184,,2.4658725261688232,0.0011422318639233708,0.0,0.023302733898162842,0.0,2.4425125122070312,,,,,,,,,0.5,1.0,1.0
0.5127880573272705,0.3929978907108307,0.09421392530202866,,19,,619,,,,,,,,,,,,,,,,,,,,0.44152745604515076,0.25568321347236633,2.774630308151245,0.002630629576742649,0.0,0.04838346317410469,0.0,2.7261152267456055,,,
,,,0.5,19,,619,,,,,,,,,,,,,0.3016549050807953,,,,,,,,,,,,,,,,,
,,,,,0.0004850739236445125,629,,,,,,,,,,,,,,,,,,,,,,,,,,,,,,
,,,,20,,629,,,,,,,,,,,,0.734375,,2.5339338779449463,0.011287128552794456,0.0,0.05903814360499382,0.0,2.533369541168213,,,,,,,,,0.550000011920929,0.0,1.0
,,,,,0.0004850739236445125,639,,,,,,,,,,,,,,,,,,,,,,,,,,,,,,
,,,,20,,639,,,,,,,,,,,,0.625,,2.181617498397827,0.09142588824033737,0.0,0.20390884578227997,0.0,2.177046298980713,,,,,,,,,0.550000011920929,0.0,1.0
,,,,,0.0004850739236445125,649,,,,,,,,,,,,,,,,,,,,,,,,,,,,,,
,,,,20,,649,,,,,,,,,,,,0.671875,,2.2983546257019043,0.057620298117399216,0.0,0.1770566701889038,0.0,2.295473575592041,,,,,,,,,0.550000011920929,0.0,1.0
0.2288718968629837,0.27841803431510925,0.49271008372306824,,20,,650,,,,,,,,,,,,,,,,,,,,0.553699254989624,0.2476615160703659,2.672316074371338,0.14807921648025513,0.0,0.3076983392238617,0.0,2.664911985397339,,,
,,,0.5,20,,650,,,,,,,,,,,,,0.3293103873729706,,,,,,,,,,,,,,,,,
,,,,,0.0004819780040052801,659,,,,,,,,,,,,,,,,,,,,,,,,,,,,,,
,,,,21,,659,,,,,,,,,,,,0.65625,,2.1134440898895264,0.0886458307504654,0.0,0.19183260202407837,0.0,2.0898287296295166,,,,,,,,,0.6000000238418579,0.10000000149011612,1.0
,,,,,0.0004819780040052801,669,,,,,,,,,,,,,,,,,,,,,,,,,,,,,,
,,,,21,,669,,,,,,,,,,,,0.640625,,2.335069179534912,0.019594252109527588,0.0,0.11657322943210602,0.0,2.322432279586792,,,,,,,,,0.6000000238418579,0.10000000149011612,1.0
,,,,,0.0004819780040052801,679,,,,,,,,,,,,,,,,,,,,,,,,,,,,,,
,,,,21,,679,,,,,,,,,,,,0.65625,,2.5657575130462646,0.0048882728442549706,0.0,0.1427242010831833,0.0,2.5512406826019287,,,,,,,,,0.6000000238418579,0.10000000149011612,1.0
0.2793675661087036,0.5769675374031067,0.14366485178470612,,21,,681,,,,,,,,,,,,,,,,,,,,0.44152745604515076,0.28379136323928833,2.827272891998291,0.027641192078590393,0.0,0.24355357885360718,0.0,2.801535129547119,,,
,,,0.5,21,,681,,,,,,,,,,,,,0.3833658993244171,,,,,,,,,,,,,,,,,
,,,,,0.0004786025007665439,689,,,,,,,,,,,,,,,,,,,,,,,,,,,,,,
,,,,22,,689,,,,,,,,,,,,0.59375,,2.4150757789611816,0.0014569886261597276,0.0,0.09190070629119873,0.0,2.396622657775879,,,,,,,,,0.6499999761581421,0.20000000298023224,1.0
,,,,,0.0004786025007665439,699,,,,,,,,,,,,,,,,,,,,,,,,,,,,,,
,,,,22,,699,,,,,,,,,,,,0.546875,,2.802757740020752,0.0009137556771747768,0.0,0.11681579798460007,0.0,2.779348850250244,,,,,,,,,0.6499999761581421,0.20000000298023224,1.0
,,,,,0.0004786025007665439,709,,,,,,,,,,,,,,,,,,,,,,,,,,,,,,
,,,,22,,709,,,,,,,,,,,,0.703125,,2.5788447856903076,0.001831502071581781,0.0,0.0999583899974823,0.0,2.5587615966796875,,,,,,,,,0.6499999761581421,0.20000000298023224,1.0
0.410200834274292,0.5005673766136169,0.08923183381557465,,22,,712,,,,,,,,,,,,,,,,,,,,0.5489259958267212,0.2263089120388031,2.757169246673584,0.008318878710269928,0.0,0.13745561242103577,0.0,2.729262113571167,,,
,,,0.5,22,,712,,,,,,,,,,,,,0.39088091254234314,,,,,,,,,,,,,,,,,
,,,,,0.00047495152645904404,719,,,,,,,,,,,,,,,,,,,,,,,,,,,,,,
,,,,23,,719,,,,,,,,,,,,0.65625,,2.414788246154785,0.0009279280202463269,0.0,0.07437630742788315,0.0,2.3924288749694824,,,,,,,,,0.699999988079071,0.30000001192092896,1.0
,,,,,0.00047495152645904404,729,,,,,,,,,,,,,,,,,,,,,,,,,,,,,,
,,,,23,,729,,,,,,,,,,,,0.59375,,3.0666613578796387,0.0012320567620918155,0.0,0.09055612236261368,0.0,3.039433002471924,,,,,,,,,0.699999988079071,0.30000001192092896,1.0
,,,,,0.00047495152645904404,739,,,,,,,,,,,,,,,,,,,,,,,,,,,,,,
,,,,23,,739,,,,,,,,,,,,0.5625,,2.2312066555023193,0.0012690727598965168,0.0,0.09203552454710007,0.0,2.2035326957702637,,,,,,,,,0.699999988079071,0.30000001192092896,1.0
0.33988672494888306,0.5419403910636902,0.11817282438278198,,23,,743,,,,,,,,,,,,,,,,,,,,0.5250596404075623,0.2382325828075409,2.793164014816284,0.002515776315703988,0.0,0.12106521427631378,0.0,2.756718635559082,,,
,,,0.5,23,,743,,,,,,,,,,,,,0.427264541387558,,,,,,,,,,,,,,,,,
,,,,,0.00047102952923258466,749,,,,,,,,,,,,,,,,,,,,,,,,,,,,,,
,,,,24,,749,,,,,,,,,,,,0.578125,,2.436659812927246,0.0007228359463624656,0.0,0.06701559573411942,0.0,2.4098172187805176,,,,,,,,,0.75,0.4000000059604645,1.0
,,,,,0.00047102952923258466,759,,,,,,,,,,,,,,,,,,,,,,,,,,,,,,
,,,,24,,759,,,,,,,,,,,,0.59375,,2.471311092376709,0.001993165584281087,0.0,0.1102614775300026,0.0,2.4271068572998047,,,,,,,,,0.75,0.4000000059604645,1.0
,,,,,0.00047102952923258466,769,,,,,,,,,,,,,,,,,,,,,,,,,,,,,,
,,,,24,,769,,,,,,,,,,,,0.578125,,3.05843448638916,0.003652226412668824,0.0,0.08705169707536697,0.0,3.0234310626983643,,,,,,,,,0.75,0.4000000059604645,1.0
0.4215814471244812,0.3823225796222687,0.19609595835208893,,24,,774,,,,,,,,,,,,,,,,,,,,0.5250596404075623,0.24854633212089539,2.785578489303589,0.005591359920799732,0.0,0.14488013088703156,0.0,2.7273471355438232,,,
,,,0.5,24,,774,,,,,,,,,,,,,0.41529381275177,,,,,,,,,,,,,,,,,
,,,,,0.0004668412874366488,779,,,,,,,,,,,,,,,,,,,,,,,,,,,,,,
,,,,25,,779,,,,,,,,,,,,0.703125,,2.6317381858825684,0.0027763396501541138,0.0,0.0977528840303421,0.0,2.5827229022979736,,,,,,,,,0.800000011920929,0.5,1.0
,,,,,0.0004668412874366488,789,,,,,,,,,,,,,,,,,,,,,,,,,,,,,,
,,,,25,,789,,,,,,,,,,,,0.640625,,2.448545217514038,0.004766988568007946,0.0,0.07176268100738525,0.0,2.4124255180358887,,,,,,,,,0.800000011920929,0.5,1.0
,,,,,0.0004668412874366488,799,,,,,,,,,,,,,,,,,,,,,,,,,,,,,,
,,,,25,,799,,,,,,,,,,,,0.546875,,2.837367057800293,0.003571094246581197,0.0,0.11049097776412964,0.0,2.7819430828094482,,,,,,,,,0.800000011920929,0.5,1.0
0.3974980413913727,0.297425776720047,0.3050761818885803,,25,,805,,,,,,,,,,,,,,,,,,,,0.5918854475021362,0.26979294419288635,2.7781026363372803,0.006211637984961271,0.0,0.08414321392774582,0.0,2.73572039604187,,,
,,,0.5,25,,805,,,,,,,,,,,,,0.4692772626876831,,,,,,,,,,,,,,,,,
,,,,,0.0004623919037987156,809,,,,,,,,,,,,,,,,,,,,,,,,,,,,,,
,,,,26,,809,,,,,,,,,,,,0.65625,,2.3227758407592773,0.0012706693960353732,0.0,0.058778900653123856,0.0,2.287445068359375,,,,,,,,,0.8500000238418579,0.6000000238418579,1.0
,,,,,0.0004623919037987156,819,,,,,,,,,,,,,,,,,,,,,,,,,,,,,,
,,,,26,,819,,,,,,,,,,,,0.640625,,1.9959356784820557,0.003272102912887931,0.0,0.06521376222372055,0.0,1.95664381980896,,,,,,,,,0.8500000238418579,0.6000000238418579,1.0
,,,,,0.0004623919037987156,829,,,,,,,,,,,,,,,,,,,,,,,,,,,,,,
,,,,26,,829,,,,,,,,,,,,0.640625,,2.3103134632110596,0.008239015936851501,0.0,0.0817994698882103,0.0,2.26082181930542,,,,,,,,,0.8500000238418579,0.6000000238418579,1.0
0.4339161217212677,0.4088631272315979,0.1572207659482956,,26,,836,,,,,,,,,,,,,,,,,,,,0.48926013708114624,0.2261909544467926,2.8313395977020264,0.012151944451034069,0.0,0.10305530577898026,0.0,2.7688989639282227,,,
,,,0.5,26,,836,,,,,,,,,,,,,0.41209927201271057,,,,,,,,,,,,,,,,,
,,,,,0.000457686799207373,839,,,,,,,,,,,,,,,,,,,,,,,,,,,,,,
,,,,27,,839,,,,,,,,,,,,0.71875,,1.8345352411270142,0.007417758461087942,0.0,0.06347381323575974,0.0,1.7897326946258545,,,,,,,,,0.8999999761581421,0.699999988079071,1.0
,,,,,0.000457686799207373,849,,,,,,,,,,,,,,,,,,,,,,,,,,,,,,
,,,,27,,849,,,,,,,,,,,,0.71875,,2.0852441787719727,0.005441634450107813,0.0,0.091792993247509,0.0,2.020717144012451,,,,,,,,,0.8999999761581421,0.699999988079071,1.0
,,,,,0.000457686799207373,859,,,,,,,,,,,,,,,,,,,,,,,,,,,,,,
,,,,27,,859,,,,,,,,,,,,0.59375,,2.270852565765381,0.004386034794151783,0.0,0.058444853872060776,0.0,2.229721784591675,,,,,,,,,0.8999999761581421,0.699999988079071,1.0
0.27770674228668213,0.45000138878822327,0.2722918391227722,,27,,867,,,,,,,,,,,,,,,,,,,,0.448687344789505,0.2552500367164612,3.032064914703369,0.013517694547772408,0.0,0.09322088956832886,0.0,2.9661343097686768,,,
,,,0.5,27,,867,,,,,,,,,,,,,0.45364394783973694,,,,,,,,,,,,,,,,,
,,,,,0.00045273170610779967,869,,,,,,,,,,,,,,,,,,,,,,,,,,,,,,
,,,,28,,869,,,,,,,,,,,,0.71875,,1.9936742782592773,0.003164223162457347,0.0,0.06819441169500351,0.0,1.9389605522155762,,,,,,,,,0.949999988079071,0.800000011920929,1.0
,,,,,0.00045273170610779967,879,,,,,,,,,,,,,,,,,,,,,,,,,,,,,,
,,,,28,,879,,,,,,,,,,,,0.640625,,2.1673784255981445,0.006895597092807293,0.0,0.06093006953597069,0.0,2.1182897090911865,,,,,,,,,0.949999988079071,0.800000011920929,1.0
,,,,,0.00045273170610779967,889,,,,,,,,,,,,,,,,,,,,,,,,,,,,,,
,,,,28,,889,,,,,,,,,,,,0.671875,,2.419462203979492,0.007128977216780186,0.0,0.07478398084640503,0.0,2.359278678894043,,,,,,,,,0.949999988079071,0.800000011920929,1.0
0.2804008722305298,0.30250561237335205,0.4170934855937958,,28,,898,,,,,,,,,,,,,,,,,,,,0.5680190920829773,0.2724892497062683,2.8640265464782715,0.01140012126415968,0.0,0.08749516308307648,0.0,2.7934601306915283,,,
,,,0.5,28,,898,,,,,,,,,,,,,0.5174861550331116,,,,,,,,,,,,,,,,,
,,,,,0.0004475326615176639,899,,,,,,,,,,,,,,,,,,,,,,,,,,,,,,
,,,,29,,899,,,,,,,,,,,,0.765625,,2.3365795612335205,0.0058289202861487865,0.0,0.061500366777181625,0.0,2.280937910079956,,,,,,,,,1.0,0.8999999761581421,1.0
,,,,,0.0004475326615176639,909,,,,,,,,,,,,,,,,,,,,,,,,,,,,,,
,,,,29,,909,,,,,,,,,,,,0.59375,,2.175780773162842,0.004385189153254032,0.0,0.07567489892244339,0.0,2.1074540615081787,,,,,,,,,1.0,0.8999999761581421,1.0
,,,,,0.0004475326615176639,919,,,,,,,,,,,,,,,,,,,,,,,,,,,,,,
,,,,29,,919,,,,,,,,,,,,0.671875,,2.031282424926758,0.002360238926485181,0.0,0.06015021353960037,0.0,1.9770292043685913,,,,,,,,,1.0,0.8999999761581421,1.0
,,,,,0.0004475326615176639,929,,,,,,,,,,,,,,,,,,,,,,,,,,,,,,
,,,,29,,929,,,,,,,,,,,,0.7777777910232544,,1.7814851999282837,0.002064335625618696,0.0,0.047347549349069595,0.0,1.7387691736221313,,,,,,,,,1.0,0.8999999761581421,1.0
0.405633807182312,0.29025542736053467,0.30411070585250854,,29,,929,,,,,,,,,,,,,,,,,,,,0.517899751663208,0.21807318925857544,3.0629873275756836,0.005256731994450092,0.0,0.07131290435791016,0.0,2.9985427856445312,,,
,,,0.5,29,,929,,,,,,,,,,,,,0.5181054472923279,,,,,,,,,,,,,,,,,
,,,,,0.0004420959996719472,939,,,,,,,,,,,,,,,,,,,,,,,,,,,,,,
,,,,30,,939,,,,,,,,,,,,0.78125,,2.1438679695129395,0.004614274017512798,0.0,0.05288972333073616,0.0,2.090747356414795,,,,,,,,,1.0,1.0,1.0
,,,,,0.0004420959996719472,949,,,,,,,,,,,,,,,,,,,,,,,,,,,,,,
,,,,30,,949,,,,,,,,,,,,0.734375,,2.3479323387145996,0.0024604545906186104,0.0,0.04153084382414818,0.0,2.3062784671783447,,,,,,,,,1.0,1.0,1.0
,,,,,0.0004420959996719472,959,,,,,,,,,,,,,,,,,,,,,,,,,,,,,,
,,,,30,,959,,,,,,,,,,,,0.8125,,1.9913792610168457,0.004952734801918268,0.0,0.06175365671515465,0.0,1.9293780326843262,,,,,,,,,1.0,1.0,1.0
0.39889365434646606,0.25297820568084717,0.34812816977500916,,30,,960,,,,,,,,,,,,,,,,,,,,0.4534606337547302,0.22670909762382507,3.1381804943084717,0.0077315629459917545,0.0,0.08899827301502228,0.0,3.048795700073242,,,
,,,0.5,30,,960,,,,,,,,,,,,,0.5143048763275146,,,,,,,,,,,,,,,,,
,,,,,0.0004364283443056552,969,,,,,,,,,,,,,,,,,,,,,,,,,,,,,,
,,,,31,,969,,,,,,,,,,,,0.75,,2.7522804737091064,0.00462095532566309,0.0,0.04817275330424309,0.0,2.7038767337799072,,,,,,,,,1.0,1.0,1.0
,,,,,0.0004364283443056552,979,,,,,,,,,,,,,,,,,,,,,,,,,,,,,,
,,,,31,,979,,,,,,,,,,,,0.71875,,2.0818257331848145,0.003949042875319719,0.0,0.06312698125839233,0.0,2.0185012817382812,,,,,,,,,1.0,1.0,1.0
,,,,,0.0004364283443056552,989,,,,,,,,,,,,,,,,,,,,,,,,,,,,,,
,,,,31,,989,,,,,,,,,,,,0.6875,,2.7315075397491455,0.002831072313711047,0.0,0.07641320675611496,0.0,2.6549527645111084,,,,,,,,,1.0,1.0,1.0
0.489103227853775,0.22520487010478973,0.28569185733795166,,31,,991,,,,,,,,,,,,,,,,,,,,0.42243435978889465,0.26895666122436523,3.193511724472046,0.0033379404339939356,0.0,0.08302901685237885,0.0,3.1103157997131348,,,
,,,0.5,31,,991,,,,,,,,,,,,,0.557607114315033,,,,,,,,,,,,,,,,,
,,,,,0.00043053660058381627,999,,,,,,,,,,,,,,,,,,,,,,,,,,,,,,
,,,,32,,999,,,,,,,,,,,,0.78125,,1.8196955919265747,0.0055753919295966625,0.0,0.06962569057941437,0.0,1.749791145324707,,,,,,,,,1.0,1.0,1.0
,,,,,0.00043053660058381627,1009,,,,,,,,,,,,,,,,,,,,,,,,,,,,,,
,,,,32,,1009,,,,,,,,,,,,0.796875,,1.93647301197052,0.003062913892790675,0.0,0.04333639517426491,0.0,1.8929834365844727,,,,,,,,,1.0,1.0,1.0
,,,,,0.00043053660058381627,1019,,,,,,,,,,,,,,,,,,,,,,,,,,,,,,
,,,,32,,1019,,,,,,,,,,,,0.78125,,1.9178894758224487,0.004113613162189722,0.0,0.048854392021894455,0.0,1.8688294887542725,,,,,,,,,1.0,1.0,1.0
0.3690479099750519,0.21533918380737305,0.41561296582221985,,32,,1022,,,,,,,,,,,,,,,,,,,,0.4606205224990845,0.2605917155742645,3.2054898738861084,0.008411760441958904,0.0,0.08774476498365402,0.0,3.1173243522644043,,,
,,,0.5,32,,1022,,,,,,,,,,,,,0.5561028122901917,,,,,,,,,,,,,,,,,
,,,,,0.0004244279466886019,1029,,,,,,,,,,,,,,,,,,,,,,,,,,,,,,
,,,,33,,1029,,,,,,,,,,,,0.75,,2.045189380645752,0.008061017841100693,0.0,0.061644066125154495,0.0,1.9831421375274658,,,,,,,,,1.0,1.0,1.0
,,,,,0.0004244279466886019,1039,,,,,,,,,,,,,,,,,,,,,,,,,,,,,,
,,,,33,,1039,,,,,,,,,,,,0.6875,,2.3989107608795166,0.006632447242736816,0.0,0.08641816675662994,0.0,2.3121609687805176,,,,,,,,,1.0,1.0,1.0
,,,,,0.0004244279466886019,1049,,,,,,,,,,,,,,,,,,,,,,,,,,,,,,
,,,,33,,1049,,,,,,,,,,,,0.6875,,2.1894371509552,0.007492982316762209,0.0,0.04681646451354027,0.0,2.1422462463378906,,,,,,,,,1.0,1.0,1.0
0.2634715139865875,0.22685125470161438,0.5096772313117981,,33,,1053,,,,,,,,,,,,,,,,,,,,0.5417661070823669,0.2920157015323639,2.98911190032959,0.011380902491509914,0.0,0.051555369049310684,0.0,2.9369876384735107,,,
,,,0.5,33,,1053,,,,,,,,,,,,,0.5276832580566406,,,,,,,,,,,,,,,,,
,,,,,0.00041810982507381754,1059,,,,,,,,,,,,,,,,,,,,,,,,,,,,,,
,,,,34,,1059,,,,,,,,,,,,0.75,,1.937721610069275,0.006008231081068516,0.0,0.04909363389015198,0.0,1.8883275985717773,,,,,,,,,1.0,1.0,1.0
,,,,,0.00041810982507381754,1069,,,,,,,,,,,,,,,,,,,,,,,,,,,,,,
,,,,34,,1069,,,,,,,,,,,,0.71875,,2.1428983211517334,0.007315265480428934,0.0,0.06255459040403366,0.0,2.0799779891967773,,,,,,,,,1.0,1.0,1.0
,,,,,0.00041810982507381754,1079,,,,,,,,,,,,,,,,,,,,,,,,,,,,,,
,,,,34,,1079,,,,,,,,,,,,0.75,,2.4804651737213135,0.00633703637868166,0.0,0.05543767288327217,0.0,2.424710750579834,,,,,,,,,1.0,1.0,1.0
0.5580312013626099,0.24584749341011047,0.19612130522727966,,34,,1084,,,,,,,,,,,,,,,,,,,,0.482100248336792,0.27373236417770386,3.1981966495513916,0.005804597865790129,0.0,0.08400693535804749,0.0,3.1138994693756104,,,
,,,0.5,34,,1084,,,,,,,,,,,,,0.592278003692627,,,,,,,,,,,,,,,,,
,,,,,0.0004115899333974186,1089,,,,,,,,,,,,,,,,,,,,,,,,,,,,,,
,,,,35,,1089,,,,,,,,,,,,0.75,,2.023754119873047,0.002880260581150651,0.0,0.05484601482748985,0.0,1.968764066696167,,,,,,,,,1.0,1.0,1.0
,,,,,0.0004115899333974186,1099,,,,,,,,,,,,,,,,,,,,,,,,,,,,,,
,,,,35,,1099,,,,,,,,,,,,0.71875,,2.186797618865967,0.004188403021544218,0.0,0.07983822375535965,0.0,2.106750011444092,,,,,,,,,1.0,1.0,1.0
,,,,,0.0004115899333974186,1109,,,,,,,,,,,,,,,,,,,,,,,,,,,,,,
,,,,35,,1109,,,,,,,,,,,,0.78125,,1.8889104127883911,0.005020490847527981,0.0,0.057767074555158615,0.0,1.8308923244476318,,,,,,,,,1.0,1.0,1.0
0.5228992700576782,0.21474352478981018,0.26235711574554443,,35,,1115,,,,,,,,,,,,,,,,,,,,0.5298329591751099,0.28610387444496155,3.0718510150909424,0.004911038093268871,0.0,0.057325080037117004,0.0,3.0142805576324463,,,
,,,0.5,35,,1115,,,,,,,,,,,,,0.5566713809967041,,,,,,,,,,,,,,,,,
,,,,,0.0004048762151431006,1119,,,,,,,,,,,,,,,,,,,,,,,,,,,,,,
,,,,36,,1119,,,,,,,,,,,,0.765625,,1.89678156375885,0.005006290040910244,0.0,0.04697136953473091,0.0,1.8495599031448364,,,,,,,,,1.0,1.0,1.0
,,,,,0.0004048762151431006,1129,,,,,,,,,,,,,,,,,,,,,,,,,,,,,,
,,,,36,,1129,,,,,,,,,,,,0.796875,,1.9273014068603516,0.005381460767239332,0.0,0.06617029756307602,0.0,1.8608620166778564,,,,,,,,,1.0,1.0,1.0
,,,,,0.0004048762151431006,1139,,,,,,,,,,,,,,,,,,,,,,,,,,,,,,
,,,,36,,1139,,,,,,,,,,,,0.765625,,2.096290111541748,0.0031799920834600925,0.0,0.05371939018368721,0.0,2.0424118041992188,,,,,,,,,1.0,1.0,1.0
0.45765501260757446,0.20309926569461823,0.3392457365989685,,36,,1146,,,,,,,,,,,,,,,,,,,,0.5202863812446594,0.26964619755744934,3.1119067668914795,0.004766390658915043,0.0,0.06925760209560394,0.0,3.0424110889434814,,,
,,,0.5,36,,1146,,,,,,,,,,,,,0.6095758676528931,,,,,,,,,,,,,,,,,
,,,,,0.0003979768499423873,1149,,,,,,,,,,,,,,,,,,,,,,,,,,,,,,
,,,,37,,1149,,,,,,,,,,,,0.90625,,1.3539245128631592,0.003094904590398073,0.0,0.05257721617817879,0.0,1.3011925220489502,,,,,,,,,1.0,1.0,1.0
,,,,,0.0003979768499423873,1159,,,,,,,,,,,,,,,,,,,,,,,,,,,,,,
,,,,37,,1159,,,,,,,,,,,,0.796875,,1.9422979354858398,0.004585676360875368,0.0,0.06429892033338547,0.0,1.8777698278427124,,,,,,,,,1.0,1.0,1.0
,,,,,0.0003979768499423873,1169,,,,,,,,,,,,,,,,,,,,,,,,,,,,,,
,,,,37,,1169,,,,,,,,,,,,0.828125,,1.8635698556900024,0.0026378456968814135,0.0,0.05193963646888733,0.0,1.8114984035491943,,,,,,,,,1.0,1.0,1.0
0.5297217965126038,0.24391499161720276,0.2263631820678711,,37,,1177,,,,,,,,,,,,,,,,,,,,0.38424819707870483,0.2478899359703064,3.424595594406128,0.002985368948429823,0.0,0.07396898418664932,0.0,3.3504772186279297,,,
,,,0.5,37,,1177,,,,,,,,,,,,,0.6103746294975281,,,,,,,,,,,,,,,,,
,,,,,0.00039090024360901,1179,,,,,,,,,,,,,,,,,,,,,,,,,,,,,,
,,,,38,,1179,,,,,,,,,,,,0.765625,,1.8211660385131836,0.00307140639051795,0.0,0.05967995524406433,0.0,1.7613325119018555,,,,,,,,,1.0,1.0,1.0
,,,,,0.00039090024360901,1189,,,,,,,,,,,,,,,,,,,,,,,,,,,,,,
,,,,38,,1189,,,,,,,,,,,,0.796875,,2.1334145069122314,0.0028234815690666437,0.0,0.055011551827192307,0.0,2.0782618522644043,,,,,,,,,1.0,1.0,1.0
,,,,,0.00039090024360901,1199,,,,,,,,,,,,,,,,,,,,,,,,,,,,,,
,,,,38,,1199,,,,,,,,,,,,0.859375,,1.440698504447937,0.0029790441039949656,0.0,0.05637950822710991,0.0,1.3841699361801147,,,,,,,,,1.0,1.0,1.0
0.49342936277389526,0.3154003620147705,0.19117026031017303,,38,,1208,,,,,,,,,,,,,,,,,,,,0.4105011820793152,0.25493279099464417,3.3769114017486572,0.007366447243839502,0.0,0.07905407249927521,0.0,3.2974891662597656,,,
,,,0.5,38,,1208,,,,,,,,,,,,,0.619820237159729,,,,,,,,,,,,,,,,,
,,,,,0.00038365501789771835,1209,,,,,,,,,,,,,,,,,,,,,,,,,,,,,,
,,,,39,,1209,,,,,,,,,,,,0.75,,1.7424795627593994,0.007035860326141119,0.0,0.06191564351320267,0.0,1.680212140083313,,,,,,,,,1.0,1.0,1.0
,,,,,0.00038365501789771835,1219,,,,,,,,,,,,,,,,,,,,,,,,,,,,,,
,,,,39,,1219,,,,,,,,,,,,0.84375,,1.548363447189331,0.0031592510640621185,0.0,0.0407111793756485,0.0,1.507494330406189,,,,,,,,,1.0,1.0,1.0
,,,,,0.00038365501789771835,1229,,,,,,,,,,,,,,,,,,,,,,,,,,,,,,
,,,,39,,1229,,,,,,,,,,,,0.75,,1.9442999362945557,0.005581392906606197,0.0,0.062181539833545685,0.0,1.8818392753601074,,,,,,,,,1.0,1.0,1.0
,,,,,0.00038365501789771835,1239,,,,,,,,,,,,,,,,,,,,,,,,,,,,,,
,,,,39,,1239,,,,,,,,,,,,0.7777777910232544,,1.8621708154678345,0.007213871460407972,0.0,0.06500967592000961,0.0,1.7968003749847412,,,,,,,,,1.0,1.0,1.0
0.4275001287460327,0.2870215177536011,0.28547826409339905,,39,,1239,,,,,,,,,,,,,,,,,,,,0.4630071520805359,0.27736371755599976,3.3174192905426025,0.008734868839383125,0.0,0.07968121767044067,0.0,3.2373011112213135,,,
,,,0.5,39,,1239,,,,,,,,,,,,,0.6308197975158691,,,,,,,,,,,,,,,,,
,,,,,0.0003762500000000001,1249,,,,,,,,,,,,,,,,,,,,,,,,,,,,,,
,,,,40,,1249,,,,,,,,,,,,0.875,,1.3549866676330566,0.007357824593782425,0.0,0.07498843222856522,0.0,1.354618787765503,,,,,,,,,1.0,0.0,1.0
,,,,,0.0003762500000000001,1259,,,,,,,,,,,,,,,,,,,,,,,,,,,,,,
,,,,40,,1259,,,,,,,,,,,,0.765625,,2.0339155197143555,0.007980242371559143,0.0,0.08956906199455261,0.0,2.0335164070129395,,,,,,,,,1.0,0.0,1.0
,,,,,0.0003762500000000001,1269,,,,,,,,,,,,,,,,,,,,,,,,,,,,,,
,,,,40,,1269,,,,,,,,,,,,0.84375,,1.5818684101104736,0.010976209305226803,0.0,0.12076044082641602,0.0,1.5813195705413818,,,,,,,,,1.0,0.0,1.0
0.3191407024860382,0.3575322926044464,0.32332703471183777,,40,,1270,,,,,,,,,,,,,,,,,,,,0.4463007152080536,0.25059938430786133,3.427452564239502,0.014750695787370205,0.0,0.16381226480007172,0.0,3.42671537399292,,,
,,,0.5,40,,1270,,,,,,,,,,,,,0.6295924186706543,,,,,,,,,,,,,,,,,
,,,,,0.00036869421178950805,1279,,,,,,,,,,,,,,,,,,,,,,,,,,,,,,
,,,,41,,1279,,,,,,,,,,,,0.8125,,1.8994789123535156,0.011026816442608833,0.0,0.15528573095798492,0.0,1.8833990097045898,,,,,,,,,1.0,0.10000000149011612,1.0
,,,,,0.00036869421178950805,1289,,,,,,,,,,,,,,,,,,,,,,,,,,,,,,
,,,,41,,1289,,,,,,,,,,,,0.875,,1.5332443714141846,0.006645742803812027,0.0,0.1179916188120842,0.0,1.5211129188537598,,,,,,,,,1.0,0.10000000149011612,1.0
,,,,,0.00036869421178950805,1299,,,,,,,,,,,,,,,,,,,,,,,,,,,,,,
,,,,41,,1299,,,,,,,,,,,,0.875,,1.511806607246399,0.006234165746718645,0.0,0.12840159237384796,0.0,1.4986547231674194,,,,,,,,,1.0,0.10000000149011612,1.0
0.33988887071609497,0.43198829889297485,0.22812283039093018,,41,,1301,,,,,,,,,,,,,,,,,,,,0.49164676666259766,0.22977401316165924,3.243797779083252,0.008697286248207092,0.0,0.15767285227775574,0.0,3.227595329284668,,,
,,,0.5,41,,1301,,,,,,,,,,,,,0.648900032043457,,,,,,,,,,,,,,,,,
,,,,,0.00036099685883029674,1309,,,,,,,,,,,,,,,,,,,,,,,,,,,,,,
,,,,42,,1309,,,,,,,,,,,,0.90625,,1.3459285497665405,0.00797402486205101,0.0,0.13797685503959656,0.0,1.3179343938827515,,,,,,,,,1.0,0.20000000298023224,1.0
,,,,,0.00036099685883029674,1319,,,,,,,,,,,,,,,,,,,,,,,,,,,,,,
,,,,42,,1319,,,,,,,,,,,,0.875,,1.4303466081619263,0.011097668670117855,0.0,0.14226290583610535,0.0,1.401339054107666,,,,,,,,,1.0,0.20000000298023224,1.0
,,,,,0.00036099685883029674,1329,,,,,,,,,,,,,,,,,,,,,,,,,,,,,,
,,,,42,,1329,,,,,,,,,,,,0.78125,,1.6855437755584717,0.013141204603016376,0.0,0.12042857706546783,0.0,1.6608009338378906,,,,,,,,,1.0,0.20000000298023224,1.0
0.4000324606895447,0.4118237793445587,0.1881437599658966,,42,,1332,,,,,,,,,,,,,,,,,,,,0.4701670706272125,0.23432345688343048,3.328348398208618,0.007031451910734177,0.0,0.15548542141914368,0.0,3.2968995571136475,,,
,,,0.5,42,,1332,,,,,,,,,,,,,0.7165265083312988,,,,,,,,,,,,,,,,,
,,,,,0.0003531673191612606,1339,,,,,,,,,,,,,,,,,,,,,,,,,,,,,,
,,,,43,,1339,,,,,,,,,,,,0.78125,,1.6048824787139893,0.01796928234398365,0.0,0.10525081306695938,0.0,1.5724087953567505,,,,,,,,,1.0,0.30000001192092896,1.0
,,,,,0.0003531673191612606,1349,,,,,,,,,,,,,,,,,,,,,,,,,,,,,,
,,,,43,,1349,,,,,,,,,,,,0.875,,1.3775296211242676,0.010867491364479065,0.0,0.13506928086280823,0.0,1.3364654779434204,,,,,,,,,1.0,0.30000001192092896,1.0
,,,,,0.0003531673191612606,1359,,,,,,,,,,,,,,,,,,,,,,,,,,,,,,
,,,,43,,1359,,,,,,,,,,,,0.828125,,1.4549778699874878,0.007017436437308788,0.0,0.09923132508993149,0.0,1.4248576164245605,,,,,,,,,1.0,0.30000001192092896,1.0
0.3555799424648285,0.32265186309814453,0.32176825404167175,,43,,1363,,,,,,,,,,,,,,,,,,,,0.5107398629188538,0.24762968719005585,3.3235416412353516,0.005314017180353403,0.0,0.1243123859167099,0.0,3.285982370376587,,,
,,,0.5,43,,1363,,,,,,,,,,,,,0.6799787878990173,,,,,,,,,,,,,,,,,
,,,,,0.0003452151318704383,1369,,,,,,,,,,,,,,,,,,,,,,,,,,,,,,
,,,,44,,1369,,,,,,,,,,,,0.75,,1.8347036838531494,0.006893619429320097,0.0,0.10052169859409332,0.0,1.7941503524780273,,,,,,,,,1.0,0.4000000059604645,1.0
,,,,,0.0003452151318704383,1379,,,,,,,,,,,,,,,,,,,,,,,,,,,,,,
,,,,44,,1379,,,,,,,,,,,,0.796875,,1.6504859924316406,0.00586570892482996,0.0,0.09110084176063538,0.0,1.6137523651123047,,,,,,,,,1.0,0.4000000059604645,1.0
,,,,,0.0003452151318704383,1389,,,,,,,,,,,,,,,,,,,,,,,,,,,,,,
,,,,44,,1389,,,,,,,,,,,,0.765625,,1.7634129524230957,0.0058487048372626305,0.0,0.09861266613006592,0.0,1.7236754894256592,,,,,,,,,1.0,0.4000000059604645,1.0
0.2722313106060028,0.5012241005897522,0.2265445590019226,,44,,1394,,,,,,,,,,,,,,,,,,,,0.517899751663208,0.2391171157360077,3.3408172130584717,0.004816870670765638,0.0,0.11904940009117126,0.0,3.292956590652466,,,
,,,0.5,44,,1394,,,,,,,,,,,,,0.7135545611381531,,,,,,,,,,,,,,,,,
,,,,,0.0003371499854731031,1399,,,,,,,,,,,,,,,,,,,,,,,,,,,,,,
,,,,45,,1399,,,,,,,,,,,,0.90625,,1.4997851848602295,0.007040874566882849,0.0,0.10342245548963547,0.0,1.4477219581604004,,,,,,,,,1.0,0.5,1.0
,,,,,0.0003371499854731031,1409,,,,,,,,,,,,,,,,,,,,,,,,,,,,,,
,,,,45,,1409,,,,,,,,,,,,0.828125,,1.504468321800232,0.005321098491549492,0.0,0.08317310363054276,0.0,1.462615728378296,,,,,,,,,1.0,0.5,1.0
,,,,,0.0003371499854731031,1419,,,,,,,,,,,,,,,,,,,,,,,,,,,,,,
,,,,45,,1419,,,,,,,,,,,,0.90625,,1.5603444576263428,0.013660475611686707,0.0,0.09599921107292175,0.0,1.5116617679595947,,,,,,,,,1.0,0.5,1.0
0.3924693167209625,0.38399985432624817,0.22353091835975647,,45,,1425,,,,,,,,,,,,,,,,,,,,0.4677804410457611,0.22705519199371338,3.5234711170196533,0.008552617393434048,0.0,0.10412207245826721,0.0,3.470982313156128,,,
,,,0.5,45,,1425,,,,,,,,,,,,,0.7020919322967529,,,,,,,,,,,,,,,,,
,,,,,0.00032898170610779956,1429,,,,,,,,,,,,,,,,,,,,,,,,,,,,,,
,,,,46,,1429,,,,,,,,,,,,0.875,,1.4981995820999146,0.011185001581907272,0.0,0.09843664616346359,0.0,1.4385783672332764,,,,,,,,,1.0,0.6000000238418579,1.0
,,,,,0.00032898170610779956,1439,,,,,,,,,,,,,,,,,,,,,,,,,,,,,,
,,,,46,,1439,,,,,,,,,,,,0.859375,,1.8814870119094849,0.011429434642195702,0.0,0.09670362621545792,0.0,1.8228933811187744,,,,,,,,,1.0,0.6000000238418579,1.0
,,,,,0.00032898170610779956,1449,,,,,,,,,,,,,,,,,,,,,,,,,,,,,,
,,,,46,,1449,,,,,,,,,,,,0.84375,,1.7437515258789062,0.009445328265428543,0.0,0.06374432891607285,0.0,1.7050325870513916,,,,,,,,,1.0,0.6000000238418579,1.0
0.362547367811203,0.3172316551208496,0.3202209770679474,,46,,1456,,,,,,,,,,,,,,,,,,,,0.47494032979011536,0.22085393965244293,3.425334930419922,0.010660331696271896,0.0,0.1042761355638504,0.0,3.362236261367798,,,
,,,0.5,46,,1456,,,,,,,,,,,,,0.7079958319664001,,,,,,,,,,,,,,,,,
,,,,,0.00032072024556470733,1459,,,,,,,,,,,,,,,,,,,,,,,,,,,,,,
,,,,47,,1459,,,,,,,,,,,,0.84375,,1.5761792659759521,0.014552217908203602,0.0,0.07783236354589462,0.0,1.5209689140319824,,,,,,,,,1.0,0.699999988079071,1.0
,,,,,0.00032072024556470733,1469,,,,,,,,,,,,,,,,,,,,,,,,,,,,,,
,,,,47,,1469,,,,,,,,,,,,0.84375,,1.3976023197174072,0.007232742849737406,0.0,0.08206751942634583,0.0,1.33979332447052,,,,,,,,,1.0,0.699999988079071,1.0
,,,,,0.00032072024556470733,1479,,,,,,,,,,,,,,,,,,,,,,,,,,,,,,
,,,,47,,1479,,,,,,,,,,,,0.84375,,1.5438312292099,0.007984441705048084,0.0,0.07872239500284195,0.0,1.4883263111114502,,,,,,,,,1.0,0.699999988079071,1.0
0.42860379815101624,0.3094654679298401,0.2619307041168213,,47,,1487,,,,,,,,,,,,,,,,,,,,0.4510739743709564,0.22628256678581238,3.5208323001861572,0.005381431896239519,0.0,0.08752499520778656,0.0,3.4592959880828857,,,
,,,0.5,47,,1487,,,,,,,,,,,,,0.6914810538291931,,,,,,,,,,,,,,,,,
,,,,,0.0003123756691609178,1489,,,,,,,,,,,,,,,,,,,,,,,,,,,,,,
,,,,48,,1489,,,,,,,,,,,,0.828125,,1.630605936050415,0.008378692902624607,0.0,0.06242659315466881,0.0,1.5802457332611084,,,,,,,,,1.0,0.800000011920929,1.0
,,,,,0.0003123756691609178,1499,,,,,,,,,,,,,,,,,,,,,,,,,,,,,,
,,,,48,,1499,,,,,,,,,,,,0.859375,,1.4847112894058228,0.0088670514523983,0.0,0.0872223824262619,0.0,1.4144901037216187,,,,,,,,,1.0,0.800000011920929,1.0
,,,,,0.0003123756691609178,1509,,,,,,,,,,,,,,,,,,,,,,,,,,,,,,
,,,,48,,1509,,,,,,,,,,,,0.84375,,1.5958611965179443,0.008292247541248798,0.0,0.0720197930932045,0.0,1.5378307104110718,,,,,,,,,1.0,0.800000011920929,1.0
0.3704216480255127,0.35089921951293945,0.27867913246154785,,48,,1518,,,,,,,,,,,,,,,,,,,,0.4534606337547302,0.2526509165763855,3.582326650619507,0.009648934938013554,0.0,0.08809957653284073,0.0,3.511364459991455,,,
,,,0.5,48,,1518,,,,,,,,,,,,,0.7690762281417847,,,,,,,,,,,,,,,,,
,,,,,0.0003039581434773955,1519,,,,,,,,,,,,,,,,,,,,,,,,,,,,,,
,,,,49,,1519,,,,,,,,,,,,0.859375,,1.9642746448516846,0.01021922379732132,0.0,0.10581839084625244,0.0,1.8685271739959717,,,,,,,,,1.0,0.8999999761581421,1.0
,,,,,0.0003039581434773955,1529,,,,,,,,,,,,,,,,,,,,,,,,,,,,,,
,,,,49,,1529,,,,,,,,,,,,0.828125,,1.4175496101379395,0.007544053252786398,0.0,0.05654588341712952,0.0,1.3662811517715454,,,,,,,,,1.0,0.8999999761581421,1.0
,,,,,0.0003039581434773955,1539,,,,,,,,,,,,,,,,,,,,,,,,,,,,,,
,,,,49,,1539,,,,,,,,,,,,0.953125,,1.2610162496566772,0.008424824103713036,0.0,0.06916438788175583,0.0,1.1983469724655151,,,,,,,,,1.0,0.8999999761581421,1.0
,,,,,0.0003039581434773955,1549,,,,,,,,,,,,,,,,,,,,,,,,,,,,,,
,,,,49,,1549,,,,,,,,,,,,0.8055555820465088,,1.4406601190567017,0.010761170648038387,0.0,0.06927824765443802,0.0,1.3777716159820557,,,,,,,,,1.0,0.8999999761581421,1.0
0.4409103989601135,0.3782406151294708,0.18084897100925446,,49,,1549,,,,,,,,,,,,,,,,,,,,0.4439140856266022,0.2427215725183487,3.700650930404663,0.009604660794138908,0.0,0.08070093393325806,0.0,3.627539873123169,,,
,,,0.5,49,,1549,,,,,,,,,,,,,0.701835036277771,,,,,,,,,,,,,,,,,
,,,,,0.00029547792397256533,1559,,,,,,,,,,,,,,,,,,,,,,,,,,,,,,
,,,,50,,1559,,,,,,,,,,,,0.90625,,1.4885302782058716,0.012228744104504585,0.0,0.0710863247513771,0.0,1.4168325662612915,,,,,,,,,1.0,1.0,1.0
,,,,,0.00029547792397256533,1569,,,,,,,,,,,,,,,,,,,,,,,,,,,,,,
,,,,50,,1569,,,,,,,,,,,,0.796875,,1.935235619544983,0.013880638405680656,0.0,0.08485160022974014,0.0,1.8496899604797363,,,,,,,,,1.0,1.0,1.0
,,,,,0.00029547792397256533,1579,,,,,,,,,,,,,,,,,,,,,,,,,,,,,,
,,,,50,,1579,,,,,,,,,,,,0.734375,,1.854814052581787,0.015503299422562122,0.0,0.07150833308696747,0.0,1.7825305461883545,,,,,,,,,1.0,1.0,1.0
0.35611143708229065,0.3796795904636383,0.26420897245407104,,50,,1580,,,,,,,,,,,,,,,,,,,,0.45584726333618164,0.20767807960510254,3.8010244369506836,0.017388062551617622,0.0,0.07730516046285629,0.0,3.7228500843048096,,,
,,,0.5,50,,1580,,,,,,,,,,,,,0.7625781893730164,,,,,,,,,,,,,,,,,
,,,,,0.00028694534248761627,1589,,,,,,,,,,,,,,,,,,,,,,,,,,,,,,
,,,,51,,1589,,,,,,,,,,,,0.8125,,1.700291633605957,0.01380001287907362,0.0,0.07445646822452545,0.0,1.6251451969146729,,,,,,,,,1.0,1.0,1.0
,,,,,0.00028694534248761627,1599,,,,,,,,,,,,,,,,,,,,,,,,,,,,,,
,,,,51,,1599,,,,,,,,,,,,0.890625,,1.315194010734558,0.014371015131473541,0.0,0.05741105601191521,0.0,1.2570643424987793,,,,,,,,,1.0,1.0,1.0
,,,,,0.00028694534248761627,1609,,,,,,,,,,,,,,,,,,,,,,,,,,,,,,
,,,,51,,1609,,,,,,,,,,,,0.8125,,1.9480738639831543,0.016354884952306747,0.0,0.05355250835418701,0.0,1.893703579902649,,,,,,,,,1.0,1.0,1.0
0.3694862127304077,0.38749027252197266,0.24302345514297485,,51,,1611,,,,,,,,,,,,,,,,,,,,0.47255370020866394,0.22408179938793182,3.622697353363037,0.01190241426229477,0.0,0.07875090837478638,0.0,3.5433509349823,,,
,,,0.5,51,,1611,,,,,,,,,,,,,0.7463223934173584,,,,,,,,,,,,,,,,,
,,,,,0.0002783707946587443,1619,,,,,,,,,,,,,,,,,,,,,,,,,,,,,,
,,,,52,,1619,,,,,,,,,,,,0.890625,,1.4317840337753296,0.014457851648330688,0.0,0.06072342395782471,0.0,1.370337724685669,,,,,,,,,1.0,1.0,1.0
,,,,,0.0002783707946587443,1629,,,,,,,,,,,,,,,,,,,,,,,,,,,,,,
,,,,52,,1629,,,,,,,,,,,,0.78125,,1.7587240934371948,0.014403389766812325,0.0,0.05166726931929588,0.0,1.7063367366790771,,,,,,,,,1.0,1.0,1.0
,,,,,0.0002783707946587443,1639,,,,,,,,,,,,,,,,,,,,,,,,,,,,,,
,,,,52,,1639,,,,,,,,,,,,0.828125,,1.7547709941864014,0.010073192417621613,0.0,0.062431592494249344,0.0,1.6918357610702515,,,,,,,,,1.0,1.0,1.0
0.45049408078193665,0.32547205686569214,0.22403386235237122,,52,,1642,,,,,,,,,,,,,,,,,,,,0.44152745604515076,0.22030983865261078,3.770636558532715,0.011595327407121658,0.0,0.08579771965742111,0.0,3.6842591762542725,,,
,,,0.5,52,,1642,,,,,,,,,,,,,0.7343907952308655,,,,,,,,,,,,,,,,,
,,,,,0.0002697647272516711,1649,,,,,,,,,,,,,,,,,,,,,,,,,,,,,,
,,,,53,,1649,,,,,,,,,,,,0.90625,,1.2394253015518188,0.010540617629885674,0.0,0.06630552560091019,0.0,1.1725927591323853,,,,,,,,,1.0,1.0,1.0
,,,,,0.0002697647272516711,1659,,,,,,,,,,,,,,,,,,,,,,,,,,,,,,
,,,,53,,1659,,,,,,,,,,,,0.84375,,1.689784049987793,0.014737451449036598,0.0,0.07093296200037003,0.0,1.6181142330169678,,,,,,,,,1.0,1.0,1.0
,,,,,0.0002697647272516711,1669,,,,,,,,,,,,,,,,,,,,,,,,,,,,,,
,,,,53,,1669,,,,,,,,,,,,0.875,,1.623779058456421,0.015089559368789196,0.0,0.060758739709854126,0.0,1.5622658729553223,,,,,,,,,1.0,1.0,1.0
0.35641828179359436,0.40856102108955383,0.23502062261104584,,53,,1673,,,,,,,,,,,,,,,,,,,,0.5155131220817566,0.25351482629776,3.4777073860168457,0.013922455720603466,0.0,0.05882186070084572,0.0,3.418189525604248,,,
,,,0.5,53,,1673,,,,,,,,,,,,,0.7596433758735657,,,,,,,,,,,,,,,,,
,,,,,0.0002611376254338691,1679,,,,,,,,,,,,,,,,,,,,,,,,,,,,,,
,,,,54,,1679,,,,,,,,,,,,0.84375,,1.449451208114624,0.012627353891730309,0.0,0.06838438659906387,0.0,1.3804354667663574,,,,,,,,,1.0,1.0,1.0
,,,,,0.0002611376254338691,1689,,,,,,,,,,,,,,,,,,,,,,,,,,,,,,
,,,,54,,1689,,,,,,,,,,,,0.8125,,1.528422474861145,0.009859330020844936,0.0,0.060057587921619415,0.0,1.467871904373169,,,,,,,,,1.0,1.0,1.0
,,,,,0.0002611376254338691,1699,,,,,,,,,,,,,,,,,,,,,,,,,,,,,,
,,,,54,,1699,,,,,,,,,,,,0.9375,,1.3180201053619385,0.013506096787750721,0.0,0.05241376906633377,0.0,1.2649309635162354,,,,,,,,,1.0,1.0,1.0
0.4049778878688812,0.37089061737060547,0.22413143515586853,,54,,1704,,,,,,,,,,,,,,,,,,,,0.4534606337547302,0.22273606061935425,3.6084156036376953,0.010550392791628838,0.0,0.06143251433968544,0.0,3.5464558601379395,,,
,,,0.5,54,,1704,,,,,,,,,,,,,0.7503448724746704,,,,,,,,,,,,,,,,,
,,,,,0.0002525,1709,,,,,,,,,,,,,,,,,,,,,,,,,,,,,,
,,,,55,,1709,,,,,,,,,,,,0.890625,,1.3529434204101562,0.018277626484632492,0.0,0.06987830251455307,0.0,1.282151222229004,,,,,,,,,1.0,1.0,1.0
,,,,,0.0002525,1719,,,,,,,,,,,,,,,,,,,,,,,,,,,,,,
,,,,55,,1719,,,,,,,,,,,,0.921875,,1.2938109636306763,0.010067814961075783,0.0,0.06486321240663528,0.0,1.2284443378448486,,,,,,,,,1.0,1.0,1.0
,,,,,0.0002525,1729,,,,,,,,,,,,,,,,,,,,,,,,,,,,,,
,,,,55,,1729,,,,,,,,,,,,0.765625,,1.8004300594329834,0.015701323747634888,0.0,0.050262030214071274,0.0,1.7493829727172852,,,,,,,,,1.0,1.0,1.0
0.3724827766418457,0.3617394268512726,0.2657777667045593,,55,,1735,,,,,,,,,,,,,,,,,,,,0.4272076487541199,0.24072687327861786,3.830890655517578,0.011657867580652237,0.0,0.07478435337543488,0.0,3.755523204803467,,,
,,,0.5,55,,1735,,,,,,,,,,,,,0.7690565586090088,,,,,,,,,,,,,,,,,
,,,,,0.00024386237456613109,1739,,,,,,,,,,,,,,,,,,,,,,,,,,,,,,
,,,,56,,1739,,,,,,,,,,,,0.84375,,1.4934444427490234,0.024578627198934555,0.0,0.0693458542227745,0.0,1.4228696823120117,,,,,,,,,1.0,1.0,1.0
,,,,,0.00024386237456613109,1749,,,,,,,,,,,,,,,,,,,,,,,,,,,,,,
,,,,56,,1749,,,,,,,,,,,,0.921875,,1.266188144683838,0.03711111098527908,0.0,0.05874606966972351,0.0,1.2055864334106445,,,,,,,,,1.0,1.0,1.0
,,,,,0.00024386237456613109,1759,,,,,,,,,,,,,,,,,,,,,,,,,,,,,,
,,,,56,,1759,,,,,,,,,,,,0.84375,,1.4578779935836792,0.02240033820271492,0.0,0.055572569370269775,0.0,1.4011855125427246,,,,,,,,,1.0,1.0,1.0
0.34539586305618286,0.3911130726337433,0.26349103450775146,,56,,1766,,,,,,,,,,,,,,,,,,,,0.49403342604637146,0.2520522475242615,3.5441343784332275,0.013457435183227062,0.0,0.059096675366163254,0.0,3.4843642711639404,,,
,,,0.5,56,,1766,,,,,,,,,,,,,0.7915268540382385,,,,,,,,,,,,,,,,,
,,,,,0.000235235272748329,1769,,,,,,,,,,,,,,,,,,,,,,,,,,,,,,
,,,,57,,1769,,,,,,,,,,,,0.828125,,1.5002756118774414,0.030662905424833298,0.0,0.05349140241742134,0.0,1.4452511072158813,,,,,,,,,1.0,1.0,1.0
,,,,,0.000235235272748329,1779,,,,,,,,,,,,,,,,,,,,,,,,,,,,,,
,,,,57,,1779,,,,,,,,,,,,0.890625,,1.3945368528366089,0.02087302878499031,0.0,0.057612426578998566,0.0,1.3358807563781738,,,,,,,,,1.0,1.0,1.0
,,,,,0.000235235272748329,1789,,,,,,,,,,,,,,,,,,,,,,,,,,,,,,
,,,,57,,1789,,,,,,,,,,,,0.8125,,1.633642554283142,0.013979902490973473,0.0,0.05876895412802696,0.0,1.5741745233535767,,,,,,,,,1.0,1.0,1.0
0.34151551127433777,0.3086961507797241,0.34978827834129333,,57,,1797,,,,,,,,,,,,,,,,,,,,0.5155131220817566,0.23621731996536255,3.4987778663635254,0.010266756638884544,0.0,0.05819036439061165,0.0,3.4400742053985596,,,
,,,0.5,57,,1797,,,,,,,,,,,,,0.7915571928024292,,,,,,,,,,,,,,,,,
,,,,,0.0002266292053412558,1799,,,,,,,,,,,,,,,,,,,,,,,,,,,,,,
,,,,58,,1799,,,,,,,,,,,,0.90625,,1.349110722541809,0.009870490059256554,0.0,0.06600642204284668,0.0,1.2826107740402222,,,,,,,,,1.0,1.0,1.0
,,,,,0.0002266292053412558,1809,,,,,,,,,,,,,,,,,,,,,,,,,,,,,,
,,,,58,,1809,,,,,,,,,,,,0.890625,,1.6466392278671265,0.0159535463899374,0.0,0.06373018771409988,0.0,1.5821113586425781,,,,,,,,,1.0,1.0,1.0
,,,,,0.0002266292053412558,1819,,,,,,,,,,,,,,,,,,,,,,,,,,,,,,
,,,,58,,1819,,,,,,,,,,,,0.953125,,1.2645171880722046,0.012988378293812275,0.0,0.048213377594947815,0.0,1.2156543731689453,,,,,,,,,1.0,1.0,1.0
0.42245665192604065,0.3304832875728607,0.24706004559993744,,58,,1828,,,,,,,,,,,,,,,,,,,,0.49403342604637146,0.2348049283027649,3.6882529258728027,0.011134939268231392,0.0,0.05575314164161682,0.0,3.6319427490234375,,,
,,,0.5,58,,1828,,,,,,,,,,,,,0.8228279948234558,,,,,,,,,,,,,,,,,
,,,,,0.0002180546575123838,1829,,,,,,,,,,,,,,,,,,,,,,,,,,,,,,
,,,,59,,1829,,,,,,,,,,,,0.859375,,1.412049412727356,0.014356251806020737,0.0,0.0479719378054142,0.0,1.3633596897125244,,,,,,,,,1.0,1.0,1.0
,,,,,0.0002180546575123838,1839,,,,,,,,,,,,,,,,,,,,,,,,,,,,,,
,,,,59,,1839,,,,,,,,,,,,0.921875,,1.3964979648590088,0.016778089106082916,0.0,0.06646323949098587,0.0,1.3291958570480347,,,,,,,,,1.0,1.0,1.0
,,,,,0.0002180546575123838,1849,,,,,,,,,,,,,,,,,,,,,,,,,,,,,,
,,,,59,,1849,,,,,,,,,,,,0.859375,,1.379420280456543,0.017532750964164734,0.0,0.051298122853040695,0.0,1.3272454738616943,,,,,,,,,1.0,1.0,1.0
,,,,,0.0002180546575123838,1859,,,,,,,,,,,,,,,,,,,,,,,,,,,,,,
,,,,59,,1859,,,,,,,,,,,,0.8888888955116272,,1.1952730417251587,0.015132753178477287,0.0,0.061277080327272415,0.0,1.1332393884658813,,,,,,,,,1.0,1.0,1.0
0.3503957986831665,0.3569148778915405,0.2926892936229706,,59,,1859,,,,,,,,,,,,,,,,,,,,0.4510739743709564,0.2470262497663498,3.702603816986084,0.01408449187874794,0.0,0.06112689897418022,0.0,3.6407723426818848,,,
,,,0.5,59,,1859,,,,,,,,,,,,,0.8255780339241028,,,,,,,,,,,,,,,,,
,,,,,0.00020952207602743475,1869,,,,,,,,,,,,,,,,,,,,,,,,,,,,,,
,,,,60,,1869,,,,,,,,,,,,0.84375,,1.2261899709701538,0.011737453751266003,0.0,0.05984349921345711,0.0,1.2256031036376953,,,,,,,,,1.0,0.0,1.0
,,,,,0.00020952207602743475,1879,,,,,,,,,,,,,,,,,,,,,,,,,,,,,,
,,,,60,,1879,,,,,,,,,,,,0.859375,,1.3722825050354004,0.022240307182073593,0.0,0.07441916316747665,0.0,1.3711705207824707,,,,,,,,,1.0,0.0,1.0
,,,,,0.00020952207602743475,1889,,,,,,,,,,,,,,,,,,,,,,,,,,,,,,
,,,,60,,1889,,,,,,,,,,,,0.9375,,1.05487060546875,0.014918624423444271,0.0,0.10663280636072159,0.0,1.0541247129440308,,,,,,,,,1.0,0.0,1.0
0.35237422585487366,0.32121577858924866,0.3264099657535553,,60,,1890,,,,,,,,,,,,,,,,,,,,0.5011933445930481,0.25618383288383484,3.6687209606170654,0.016184311360120773,0.0,0.09135579317808151,0.0,3.6679115295410156,,,
,,,0.5,60,,1890,,,,,,,,,,,,,0.854649007320404,,,,,,,,,,,,,,,,,
,,,,,0.0002010418565226046,1899,,,,,,,,,,,,,,,,,,,,,,,,,,,,,,
,,,,61,,1899,,,,,,,,,,,,0.875,,1.2668209075927734,0.017565269023180008,0.0,0.09695858508348465,0.0,1.25624680519104,,,,,,,,,1.0,0.10000000149011612,1.0
,,,,,0.0002010418565226046,1909,,,,,,,,,,,,,,,,,,,,,,,,,,,,,,
,,,,61,,1909,,,,,,,,,,,,0.90625,,1.2115294933319092,0.022743426263332367,0.0,0.08541028201580048,0.0,1.2018513679504395,,,,,,,,,1.0,0.10000000149011612,1.0
,,,,,0.0002010418565226046,1919,,,,,,,,,,,,,,,,,,,,,,,,,,,,,,
,,,,61,,1919,,,,,,,,,,,,0.9375,,0.9679155945777893,0.013247856870293617,0.0,0.07605072110891342,0.0,0.9596481323242188,,,,,,,,,1.0,0.10000000149011612,1.0
0.35467785596847534,0.3671243190765381,0.27819785475730896,,61,,1921,,,,,,,,,,,,,,,,,,,,0.4677804410457611,0.24679388105869293,3.7347066402435303,0.014937397092580795,0.0,0.10374490171670914,0.0,3.7235851287841797,,,
,,,0.5,61,,1921,,,,,,,,,,,,,0.8535179495811462,,,,,,,,,,,,,,,,,
,,,,,0.00019262433083908222,1929,,,,,,,,,,,,,,,,,,,,,,,,,,,,,,
,,,,62,,1929,,,,,,,,,,,,0.8125,,1.6748144626617432,0.015691839158535004,0.0,0.11253024637699127,0.0,1.6515238285064697,,,,,,,,,1.0,0.20000000298023224,1.0
,,,,,0.00019262433083908222,1939,,,,,,,,,,,,,,,,,,,,,,,,,,,,,,
,,,,62,,1939,,,,,,,,,,,,0.859375,,1.2482168674468994,0.01624956913292408,0.0,0.11149231344461441,0.0,1.225105881690979,,,,,,,,,1.0,0.20000000298023224,1.0
,,,,,0.00019262433083908222,1949,,,,,,,,,,,,,,,,,,,,,,,,,,,,,,
,,,,62,,1949,,,,,,,,,,,,0.9375,,1.0149105787277222,0.013126704841852188,0.0,0.10872402042150497,0.0,0.9925093650817871,,,,,,,,,1.0,0.20000000298023224,1.0
0.34527352452278137,0.32232940196990967,0.33239710330963135,,62,,1952,,,,,,,,,,,,,,,,,,,,0.5059666037559509,0.22515858709812164,3.641911506652832,0.014845401048660278,0.0,0.10193844884634018,0.0,3.620781660079956,,,
,,,0.5,62,,1952,,,,,,,,,,,,,0.8497661352157593,,,,,,,,,,,,,,,,,
,,,,,0.00018427975443529272,1959,,,,,,,,,,,,,,,,,,,,,,,,,,,,,,
,,,,63,,1959,,,,,,,,,,,,0.984375,,1.0252505540847778,0.01705874130129814,0.0,0.11840172111988068,0.0,0.9888770580291748,,,,,,,,,1.0,0.30000001192092896,1.0
,,,,,0.00018427975443529272,1969,,,,,,,,,,,,,,,,,,,,,,,,,,,,,,
,,,,63,,1969,,,,,,,,,,,,0.890625,,1.2240732908248901,0.018675660714507103,0.0,0.11315543949604034,0.0,1.1891928911209106,,,,,,,,,1.0,0.30000001192092896,1.0
,,,,,0.00018427975443529272,1979,,,,,,,,,,,,,,,,,,,,,,,,,,,,,,
,,,,63,,1979,,,,,,,,,,,,0.875,,1.2988879680633545,0.012606772594153881,0.0,0.0939258486032486,0.0,1.2700798511505127,,,,,,,,,1.0,0.30000001192092896,1.0
0.37066420912742615,0.4026036560535431,0.22673213481903076,,63,,1983,,,,,,,,,,,,,,,,,,,,0.47494032979011536,0.22048449516296387,3.6536834239959717,0.01488702092319727,0.0,0.09586454182863235,0.0,3.6241796016693115,,,
,,,0.5,63,,1983,,,,,,,,,,,,,0.8717307448387146,,,,,,,,,,,,,,,,,
,,,,,0.00017601829389220054,1989,,,,,,,,,,,,,,,,,,,,,,,,,,,,,,
,,,,64,,1989,,,,,,,,,,,,0.921875,,1.3807626962661743,0.0130794458091259,0.0,0.08288633823394775,0.0,1.3469542264938354,,,,,,,,,1.0,0.4000000059604645,1.0
,,,,,0.00017601829389220054,1999,,,,,,,,,,,,,,,,,,,,,,,,,,,,,,
,,,,64,,1999,,,,,,,,,,,,0.921875,,1.260113000869751,0.011933892033994198,0.0,0.08754609525203705,0.0,1.22449791431427,,,,,,,,,1.0,0.4000000059604645,1.0
,,,,,0.00017601829389220054,2009,,,,,,,,,,,,,,,,,,,,,,,,,,,,,,
,,,,64,,2009,,,,,,,,,,,,0.921875,,1.2157227993011475,0.01488452311605215,0.0,0.11632134765386581,0.0,1.1684499979019165,,,,,,,,,1.0,0.4000000059604645,1.0
0.36423203349113464,0.3285171091556549,0.3072509169578552,,64,,2014,,,,,,,,,,,,,,,,,,,,0.5155131220817566,0.21223826706409454,3.6858725547790527,0.011730626225471497,0.0,0.08400140702724457,0.0,3.6516852378845215,,,
,,,0.5,64,,2014,,,,,,,,,,,,,0.8446643352508545,,,,,,,,,,,,,,,,,
,,,,,0.000167850014526897,2019,,,,,,,,,,,,,,,,,,,,,,,,,,,,,,
,,,,65,,2019,,,,,,,,,,,,0.921875,,1.1995165348052979,0.012171762995421886,0.0,0.08653527498245239,0.0,1.1556403636932373,,,,,,,,,1.0,0.5,1.0
,,,,,0.000167850014526897,2029,,,,,,,,,,,,,,,,,,,,,,,,,,,,,,
,,,,65,,2029,,,,,,,,,,,,0.953125,,1.023527979850769,0.0090407095849514,0.0,0.08853422850370407,0.0,0.9788088202476501,,,,,,,,,1.0,0.5,1.0
,,,,,0.000167850014526897,2039,,,,,,,,,,,,,,,,,,,,,,,,,,,,,,
,,,,65,,2039,,,,,,,,,,,,0.875,,1.456699013710022,0.016317099332809448,0.0,0.0836186334490776,0.0,1.4140738248825073,,,,,,,,,1.0,0.5,1.0
0.33439886569976807,0.3242906332015991,0.3413105309009552,,65,,2045,,,,,,,,,,,,,,,,,,,,0.4773269593715668,0.25513628125190735,3.770073652267456,0.014426995068788528,0.0,0.08202198892831802,0.0,3.7283413410186768,,,
,,,0.5,65,,2045,,,,,,,,,,,,,0.8514604568481445,,,,,,,,,,,,,,,,,
,,,,,0.00015978486812956175,2049,,,,,,,,,,,,,,,,,,,,,,,,,,,,,,
,,,,66,,2049,,,,,,,,,,,,0.90625,,1.3653026819229126,0.012652375735342503,0.0,0.09235488623380661,0.0,1.30925714969635,,,,,,,,,1.0,0.6000000238418579,1.0
,,,,,0.00015978486812956175,2059,,,,,,,,,,,,,,,,,,,,,,,,,,,,,,
,,,,66,,2059,,,,,,,,,,,,0.921875,,1.342898964881897,0.013785750605165958,0.0,0.07532502710819244,0.0,1.2970147132873535,,,,,,,,,1.0,0.6000000238418579,1.0
,,,,,0.00015978486812956175,2069,,,,,,,,,,,,,,,,,,,,,,,,,,,,,,
,,,,66,,2069,,,,,,,,,,,,0.875,,1.2098448276519775,0.01448067557066679,0.0,0.06367676705121994,0.0,1.170914649963379,,,,,,,,,1.0,0.6000000238418579,1.0
0.34978240728378296,0.3102838397026062,0.3399337828159332,,66,,2076,,,,,,,,,,,,,,,,,,,,0.5011933445930481,0.25713491439819336,3.71604585647583,0.013986455276608467,0.0,0.07611702382564545,0.0,3.6696760654449463,,,
,,,0.5,66,,2076,,,,,,,,,,,,,0.8820460438728333,,,,,,,,,,,,,,,,,
,,,,,0.0001518326808387395,2079,,,,,,,,,,,,,,,,,,,,,,,,,,,,,,
,,,,67,,2079,,,,,,,,,,,,0.921875,,1.2217390537261963,0.016872286796569824,0.0,0.08153441548347473,0.0,1.1638213396072388,,,,,,,,,1.0,0.699999988079071,1.0
,,,,,0.0001518326808387395,2089,,,,,,,,,,,,,,,,,,,,,,,,,,,,,,
,,,,67,,2089,,,,,,,,,,,,0.90625,,1.2538541555404663,0.014369613490998745,0.0,0.06414388865232468,0.0,1.2082349061965942,,,,,,,,,1.0,0.699999988079071,1.0
,,,,,0.0001518326808387395,2099,,,,,,,,,,,,,,,,,,,,,,,,,,,,,,
,,,,67,,2099,,,,,,,,,,,,0.921875,,1.1595343351364136,0.011423896998167038,0.0,0.06683775037527084,0.0,1.1121766567230225,,,,,,,,,1.0,0.699999988079071,1.0
0.340791255235672,0.3511456251144409,0.3080630898475647,,67,,2107,,,,,,,,,,,,,,,,,,,,0.4988066852092743,0.2461213320493698,3.6106491088867188,0.011921199969947338,0.0,0.0689079612493515,0.0,3.5618176460266113,,,
,,,0.5,67,,2107,,,,,,,,,,,,,0.8574750423431396,,,,,,,,,,,,,,,,,
,,,,,0.0001440031411697033,2109,,,,,,,,,,,,,,,,,,,,,,,,,,,,,,
,,,,68,,2109,,,,,,,,,,,,0.921875,,1.3486748933792114,0.016017358750104904,0.0,0.06356841325759888,0.0,1.297019362449646,,,,,,,,,1.0,0.800000011920929,1.0
,,,,,0.0001440031411697033,2119,,,,,,,,,,,,,,,,,,,,,,,,,,,,,,
,,,,68,,2119,,,,,,,,,,,,0.90625,,1.1674028635025024,0.012867634184658527,0.0,0.06171529367566109,0.0,1.117387294769287,,,,,,,,,1.0,0.800000011920929,1.0
,,,,,0.0001440031411697033,2129,,,,,,,,,,,,,,,,,,,,,,,,,,,,,,
,,,,68,,2129,,,,,,,,,,,,0.90625,,1.177883267402649,0.014507031068205833,0.0,0.05391008406877518,0.0,1.1340298652648926,,,,,,,,,1.0,0.800000011920929,1.0
0.3530864119529724,0.3146201968193054,0.33229342103004456,,68,,2138,,,,,,,,,,,,,,,,,,,,0.4964200556278229,0.2655121982097626,3.695035934448242,0.01257385779172182,0.0,0.06452951580286026,0.0,3.6427841186523438,,,
,,,0.5,68,,2138,,,,,,,,,,,,,0.8431398272514343,,,,,,,,,,,,,,,,,
,,,,69,,2139,0.5809524059295654,0.5601351857185364,0.23261623084545135,0.23986084759235382,3.124978542327881,0.01535589899867773,0.0,0.0515066497027874,0.0,3.077854633331299,0.2281496673822403,,,,,,,,,,,,,,,,,,,
