causal/Audio_Influence,causal/Text_Influence,causal/Video_Influence,causal/temperature,epoch,lr-AdamW,step,test_acc,test_auroc,test_bal_acc,test_balanced_acc,test_loss,test_loss_causal,test_loss_diff,test_loss_kl,test_loss_recon,test_loss_task,test_macro_f1,train_acc,train_bal_acc,train_loss,train_loss_causal,train_loss_diff,train_loss_kl,train_loss_recon,train_loss_task,val/hallucination_acc,val/latent_drift_t0,val_acc,val_bal_acc,val_loss,val_loss_causal,val_loss_diff,val_loss_kl,val_loss_recon,val_loss_task,warmup/gamma_diff,warmup/gamma_kl,warmup/gamma_recon
,,,,,5e-05,9,,,,,,,,,,,,,,,,,,,,,,,,,,,,,,,,
,,,,0,,9,,,,,,,,,,,,0.203125,,3.1421637535095215,0.20942756533622742,1.1510484218597412,0.4823843538761139,0.0,3.131692409515381,,,,,,,,,,,0.0,0.0,0.05000000074505806
,,,,,5e-05,19,,,,,,,,,,,,,,,,,,,,,,,,,,,,,,,,
,,,,0,,19,,,,,,,,,,,,0.234375,,2.7782669067382812,0.1862422674894333,1.1561840772628784,0.5090665817260742,0.0,2.7689547538757324,,,,,,,,,,,0.0,0.0,0.05000000074505806
,,,,,5e-05,29,,,,,,,,,,,,,,,,,,,,,,,,,,,,,,,,
,,,,0,,29,,,,,,,,,,,,0.390625,,3.0736918449401855,0.17072530090808868,1.155228614807129,0.5374259352684021,0.0,3.065155506134033,,,,,,,,,,,0.0,0.0,0.05000000074505806
0.33043137192726135,0.34536585211753845,0.3242028057575226,,0,,30,,,,,,,,,,,,,,,,,,,,,0.22186248004436493,0.6682577729225159,0.18703262507915497,2.738524913787842,0.11502594500780106,1.143987774848938,0.5940502285957336,0.0,2.732773542404175,,,
,,,1.0,0,,30,,,,,,,,,,,,,0.1436632126569748,,,,,,,,,,,,,,,,,,,
,,,,,9.5e-05,39,,,,,,,,,,,,,,,,,,,,,,,,,,,,,,,,
,,,,1,,39,,,,,,,,,,,,0.375,,3.069643974304199,0.14198905229568481,1.153517484664917,0.5711820125579834,0.0,3.0054264068603516,,,,,,,,,,,0.0,0.10000000149011612,0.10000000149011612
,,,,,9.5e-05,49,,,,,,,,,,,,,,,,,,,,,,,,,,,,,,,,
,,,,1,,49,,,,,,,,,,,,0.34375,,3.6201634407043457,0.11299732327461243,1.153451681137085,0.5685361623764038,0.0,3.5576601028442383,,,,,,,,,,,0.0,0.10000000149011612,0.10000000149011612
,,,,,9.5e-05,59,,,,,,,,,,,,,,,,,,,,,,,,,,,,,,,,
,,,,1,,59,,,,,,,,,,,,0.359375,,2.9332571029663086,0.09556840360164642,1.1506398916244507,0.5489293336868286,0.0,2.8735857009887695,,,,,,,,,,,0.0,0.10000000149011612,0.10000000149011612
0.3409566581249237,0.33976373076438904,0.31927961111068726,,1,,61,,,,,,,,,,,,,,,,,,,,,0.23297420144081116,0.6682577729225159,0.18703262507915497,2.743873357772827,0.040582407265901566,1.1442018747329712,0.6027947664260864,0.0,2.6815648078918457,,,
,,,0.949999988079071,1,,61,,,,,,,,,,,,,0.16315007209777832,,,,,,,,,,,,,,,,,,,
,,,,,0.00014000000000000001,69,,,,,,,,,,,,,,,,,,,,,,,,,,,,,,,,
,,,,2,,69,,,,,,,,,,,,0.484375,,2.6817235946655273,0.07111749053001404,1.1528770923614502,0.5198448300361633,0.0,2.5741989612579346,,,,,,,,,,,0.0,0.20000000298023224,0.15000000596046448
,,,,,0.00014000000000000001,79,,,,,,,,,,,,,,,,,,,,,,,,,,,,,,,,
,,,,2,,79,,,,,,,,,,,,0.515625,,2.6107113361358643,0.053651876747608185,1.1513404846191406,0.4801313579082489,0.0,2.512002468109131,,,,,,,,,,,0.0,0.20000000298023224,0.15000000596046448
,,,,,0.00014000000000000001,89,,,,,,,,,,,,,,,,,,,,,,,,,,,,,,,,
,,,,2,,89,,,,,,,,,,,,0.453125,,2.466411828994751,0.04193887859582901,1.1503582000732422,0.40410953760147095,0.0,2.383492946624756,,,,,,,,,,,0.0,0.20000000298023224,0.15000000596046448
0.2980707287788391,0.3042141795158386,0.39771509170532227,,2,,92,,,,,,,,,,,,,,,,,,,,,0.1917240470647812,0.6682577729225159,0.18703262507915497,2.7372617721557617,0.012911438010632992,1.1402251720428467,0.3674401342868805,0.0,2.663128137588501,,,
,,,0.8999999761581421,2,,92,,,,,,,,,,,,,0.18066348135471344,,,,,,,,,,,,,,,,,,,
,,,,,0.00018500000000000002,99,,,,,,,,,,,,,,,,,,,,,,,,,,,,,,,,
,,,,3,,99,,,,,,,,,,,,0.40625,,2.9442992210388184,0.02934168465435505,1.1485363245010376,0.3577527105808258,0.0,2.8355064392089844,,,,,,,,,,,0.0,0.30000001192092896,0.20000000298023224
,,,,,0.00018500000000000002,109,,,,,,,,,,,,,,,,,,,,,,,,,,,,,,,,
,,,,3,,109,,,,,,,,,,,,0.5625,,2.612136125564575,0.022031139582395554,1.1488862037658691,0.30279842019081116,0.0,2.5201950073242188,,,,,,,,,,,0.0,0.30000001192092896,0.20000000298023224
,,,,,0.00018500000000000002,119,,,,,,,,,,,,,,,,,,,,,,,,,,,,,,,,
,,,,3,,119,,,,,,,,,,,,0.578125,,2.7037200927734375,0.015839077532291412,1.1499688625335693,0.24107758700847626,0.0,2.6306047439575195,,,,,,,,,,,0.0,0.30000001192092896,0.20000000298023224
0.30877888202667236,0.29230785369873047,0.39891326427459717,,3,,123,,,,,,,,,,,,,,,,,,,,,0.1667395681142807,0.6682577729225159,0.1908881813287735,2.7245240211486816,0.004767997190356255,1.135968804359436,0.18988589942455292,0.0,2.6673195362091064,,,
,,,0.8500000238418579,3,,123,,,,,,,,,,,,,0.19705061614513397,,,,,,,,,,,,,,,,,,,
,,,,,0.00023000000000000003,129,,,,,,,,,,,,,,,,,,,,,,,,,,,,,,,,
,,,,4,,129,,,,,,,,,,,,0.546875,,2.5388436317443848,0.011602814309298992,1.1521815061569214,0.21397924423217773,0.0,2.452671766281128,,,,,,,,,,,0.0,0.4000000059604645,0.25
,,,,,0.00023000000000000003,139,,,,,,,,,,,,,,,,,,,,,,,,,,,,,,,,
,,,,4,,139,,,,,,,,,,,,0.484375,,2.63460373878479,0.008385444059967995,1.1464415788650513,0.15171292424201965,0.0,2.5734992027282715,,,,,,,,,,,0.0,0.4000000059604645,0.25
,,,,,0.00023000000000000003,149,,,,,,,,,,,,,,,,,,,,,,,,,,,,,,,,
,,,,4,,149,,,,,,,,,,,,0.53125,,2.9471731185913086,0.0067480443976819515,1.146710991859436,0.1373453438282013,0.0,2.891897678375244,,,,,,,,,,,0.0,0.4000000059604645,0.25
0.18236547708511353,0.18882684409618378,0.6288076043128967,,4,,154,,,,,,,,,,,,,,,,,,,,,0.1510905772447586,0.6372315287590027,0.24198396503925323,2.7176353931427,0.002280326560139656,1.1374762058258057,0.10364996641874313,0.0,2.676060914993286,,,
,,,0.800000011920929,4,,154,,,,,,,,,,,,,0.1899917870759964,,,,,,,,,,,,,,,,,,,
,,,,,0.000275,159,,,,,,,,,,,,,,,,,,,,,,,,,,,,,,,,
,,,,5,,159,,,,,,,,,,,,0.515625,,2.2236993312835693,0.005979268811643124,1.1496810913085938,0.11625603586435318,0.0,2.1652722358703613,,,,,,,,,,,0.0,0.5,0.30000001192092896
,,,,,0.000275,169,,,,,,,,,,,,,,,,,,,,,,,,,,,,,,,,
,,,,5,,169,,,,,,,,,,,,0.53125,,2.8701729774475098,0.005866586230695248,1.1522189378738403,0.09952118992805481,0.0,2.8201191425323486,,,,,,,,,,,0.0,0.5,0.30000001192092896
,,,,,0.000275,179,,,,,,,,,,,,,,,,,,,,,,,,,,,,,,,,
,,,,5,,179,,,,,,,,,,,,0.453125,,3.4337527751922607,0.005767909809947014,1.15012526512146,0.07589427381753922,0.0,3.395517110824585,,,,,,,,,,,0.0,0.5,0.30000001192092896
0.07587260007858276,0.08211079239845276,0.8420165181159973,,5,,185,,,,,,,,,,,,,,,,,,,,,0.13885827362537384,0.6181384325027466,0.24815760552883148,2.66355562210083,0.003064710646867752,1.1373515129089355,0.06806939095258713,0.0,2.6293678283691406,,,
,,,0.75,5,,185,,,,,,,,,,,,,0.19765110313892365,,,,,,,,,,,,,,,,,,,
,,,,,0.00032,189,,,,,,,,,,,,,,,,,,,,,,,,,,,,,,,,
,,,,6,,189,,,,,,,,,,,,0.46875,,3.355604410171509,0.0050704600289464,1.1498907804489136,0.08231938630342484,0.0,3.3059592247009277,,,,,,,,,,,0.0,0.6000000238418579,0.3499999940395355
,,,,,0.00032,199,,,,,,,,,,,,,,,,,,,,,,,,,,,,,,,,
,,,,6,,199,,,,,,,,,,,,0.609375,,2.850558042526245,0.0036817172076553106,1.1455549001693726,0.06578230112791061,0.0,2.8109045028686523,,,,,,,,,,,0.0,0.6000000238418579,0.3499999940395355
,,,,,0.00032,209,,,,,,,,,,,,,,,,,,,,,,,,,,,,,,,,
,,,,6,,209,,,,,,,,,,,,0.5,,2.5222110748291016,0.003369714831933379,1.1482688188552856,0.056305255740880966,0.0,2.4882593154907227,,,,,,,,,,,0.0,0.6000000238418579,0.3499999940395355
0.23731467127799988,0.19116473197937012,0.5715204477310181,,6,,216,,,,,,,,,,,,,,,,,,,,,0.13227953016757965,0.6730310320854187,0.22851860523223877,2.635559558868408,0.0006431644433178008,1.1337738037109375,0.0481393076479435,0.0,2.6066434383392334,,,
,,,0.699999988079071,6,,216,,,,,,,,,,,,,0.22044497728347778,,,,,,,,,,,,,,,,,,,
,,,,,0.00036500000000000004,219,,,,,,,,,,,,,,,,,,,,,,,,,,,,,,,,
,,,,7,,219,,,,,,,,,,,,0.671875,,2.7485601902008057,0.0015838573453947902,1.1476097106933594,0.05587776377797127,0.0,2.7093665599823,,,,,,,,,,,0.0,0.699999988079071,0.4000000059604645
,,,,,0.00036500000000000004,229,,,,,,,,,,,,,,,,,,,,,,,,,,,,,,,,
,,,,7,,229,,,,,,,,,,,,0.421875,,3.3615667819976807,0.001565825194120407,1.1446877717971802,0.047433190047740936,0.0,3.3282854557037354,,,,,,,,,,,0.0,0.699999988079071,0.4000000059604645
,,,,,0.00036500000000000004,239,,,,,,,,,,,,,,,,,,,,,,,,,,,,,,,,
,,,,7,,239,,,,,,,,,,,,0.703125,,2.9878780841827393,0.0013401495525613427,1.1452749967575073,0.060231830924749374,0.0,2.9456489086151123,,,,,,,,,,,0.0,0.699999988079071,0.4000000059604645
0.20429599285125732,0.1481928676366806,0.6475109457969666,,7,,247,,,,,,,,,,,,,,,,,,,,,0.1252506673336029,0.4510739743709564,0.25138723850250244,2.731919288635254,0.0006925413035787642,1.1337984800338745,0.043336257338523865,0.0,2.7015490531921387,,,
,,,0.6499999761581421,7,,247,,,,,,,,,,,,,0.2051195651292801,,,,,,,,,,,,,,,,,,,
,,,,,0.00041000000000000005,249,,,,,,,,,,,,,,,,,,,,,,,,,,,,,,,,
,,,,8,,249,,,,,,,,,,,,0.46875,,2.444995880126953,0.0013377793366089463,1.1443591117858887,0.04449597746133804,0.0,2.409332036972046,,,,,,,,,,,0.0,0.800000011920929,0.44999998807907104
,,,,,0.00041000000000000005,259,,,,,,,,,,,,,,,,,,,,,,,,,,,,,,,,
,,,,8,,259,,,,,,,,,,,,0.671875,,2.6314499378204346,0.0010078237392008305,1.1421478986740112,0.0434076227247715,0.0,2.5966734886169434,,,,,,,,,,,0.0,0.800000011920929,0.44999998807907104
,,,,,0.00041000000000000005,269,,,,,,,,,,,,,,,,,,,,,,,,,,,,,,,,
,,,,8,,269,,,,,,,,,,,,0.34375,,3.4888272285461426,0.0018770495662465692,1.146531105041504,0.04383709654211998,0.0,3.4536635875701904,,,,,,,,,,,0.0,0.800000011920929,0.44999998807907104
0.2663070261478424,0.11811226606369019,0.6155805587768555,,8,,278,,,,,,,,,,,,,,,,,,,,,0.12249674648046494,0.6133651733398438,0.24668462574481964,2.6439218521118164,0.0007362570031546056,1.1360886096954346,0.03525586426258087,0.0,2.61568021774292,,,
,,,0.6000000238418579,8,,278,,,,,,,,,,,,,0.2162780463695526,,,,,,,,,,,,,,,,,,,
,,,,,0.0004550000000000001,279,,,,,,,,,,,,,,,,,,,,,,,,,,,,,,,,
,,,,9,,279,,,,,,,,,,,,0.59375,,2.730250358581543,0.0012429705820977688,1.1499825716018677,0.03515396639704704,0.0,2.698549509048462,,,,,,,,,,,0.0,0.8999999761581421,0.5
,,,,,0.0004550000000000001,289,,,,,,,,,,,,,,,,,,,,,,,,,,,,,,,,
,,,,9,,289,,,,,,,,,,,,0.59375,,2.4654383659362793,0.0016063906950876117,1.1415064334869385,0.03948387876152992,0.0,2.4298224449157715,,,,,,,,,,,0.0,0.8999999761581421,0.5
,,,,,0.0004550000000000001,299,,,,,,,,,,,,,,,,,,,,,,,,,,,,,,,,
,,,,9,,299,,,,,,,,,,,,0.5625,,2.7533912658691406,0.0005835454794578254,1.1447831392288208,0.02806096337735653,0.0,2.728107213973999,,,,,,,,,,,0.0,0.8999999761581421,0.5
,,,,,0.0004550000000000001,309,,,,,,,,,,,,,,,,,,,,,,,,,,,,,,,,
,,,,9,,309,,,,,,,,,,,,0.5277777910232544,,3.0198757648468018,0.0006909077637828887,1.14369797706604,0.029970696195960045,0.0,2.9928674697875977,,,,,,,,,,,0.0,0.8999999761581421,0.5
0.3455110490322113,0.1790570765733719,0.47543153166770935,,9,,309,,,,,,,,,,,,,,,,,,,,,0.1244514212012291,0.5799522399902344,0.25227075815200806,2.6652653217315674,0.000442539865616709,1.135053277015686,0.029904404655098915,0.0,2.638329267501831,,,
,,,0.550000011920929,9,,309,,,,,,,,,,,,,0.21505407989025116,,,,,,,,,,,,,,,,,,,
,,,,,0.0005,319,,,,,,,,,,,,,,,,,,,,,,,,,,,,,,,,
,,,,10,,319,,,,,,,,,,,,0.5625,,2.7673356533050537,0.0009539136081002653,0.9936590194702148,0.031976792961359024,0.0,2.7328271865844727,,,,,,,,,,,0.05000000074505806,1.0,0.550000011920929
,,,,,0.0005,329,,,,,,,,,,,,,,,,,,,,,,,,,,,,,,,,
,,,,10,,329,,,,,,,,,,,,0.65625,,2.463838815689087,0.0007854794966988266,0.96566241979599,0.026446593925356865,0.0,2.434938669204712,,,,,,,,,,,0.05000000074505806,1.0,0.550000011920929
,,,,,0.0005,339,,,,,,,,,,,,,,,,,,,,,,,,,,,,,,,,
,,,,10,,339,,,,,,,,,,,,0.5,,2.6675283908843994,0.0009557394660077989,0.9421076774597168,0.03652707859873772,0.0,2.628598213195801,,,,,,,,,,,0.05000000074505806,1.0,0.550000011920929
0.30718135833740234,0.11388777196407318,0.5789307355880737,,10,,340,,,,,,,,,,,,,,,,,,,,0.5,0.009323123842477798,0.5011933445930481,0.26726430654525757,2.726797342300415,0.0007447634707204998,0.916470468044281,0.04163093492388725,0.0,2.682837963104248,,,
,,,0.5,10,,340,,,,,,,,,,,,,0.23712579905986786,,,,,,,,,,,,,,,,,,,
,,,,,0.0004998492296872263,349,,,,,,,,,,,,,,,,,,,,,,,,,,,,,,,,
,,,,11,,349,,,,,,,,,,,,0.65625,,2.7478485107421875,0.0019271677592769265,0.9255893230438232,0.03715981915593147,0.0,2.7059643268585205,,,,,,,,,,,0.10000000149011612,1.0,0.6000000238418579
,,,,,0.0004998492296872263,359,,,,,,,,,,,,,,,,,,,,,,,,,,,,,,,,
,,,,11,,359,,,,,,,,,,,,0.609375,,2.435879945755005,0.0020309612154960632,0.8991222977638245,0.03080545738339424,0.0,2.400477409362793,,,,,,,,,,,0.10000000149011612,1.0,0.6000000238418579
,,,,,0.0004998492296872263,369,,,,,,,,,,,,,,,,,,,,,,,,,,,,,,,,
,,,,11,,369,,,,,,,,,,,,0.609375,,2.9484331607818604,0.0009812191128730774,0.8359686136245728,0.024946607649326324,0.0,2.919257402420044,,,,,,,,,,,0.10000000149011612,1.0,0.6000000238418579
0.5411046743392944,0.25595104694366455,0.20294412970542908,,11,,371,,,,,,,,,,,,,,,,,,,,,0.0037893212866038084,0.5560859441757202,0.255765438079834,2.662811517715454,0.0010555078042671084,0.7973021864891052,0.022731056436896324,0.0,2.6360414028167725,,,
,,,0.5,11,,371,,,,,,,,,,,,,0.23030009865760803,,,,,,,,,,,,,,,,,,,
,,,,,0.0004993971024393066,379,,,,,,,,,,,,,,,,,,,,,,,,,,,,,,,,
,,,,12,,379,,,,,,,,,,,,0.765625,,2.303262233734131,0.0003031668602488935,0.8532200455665588,0.02053256891667843,0.0,2.276315212249756,,,,,,,,,,,0.15000000596046448,1.0,0.6499999761581421
,,,,,0.0004993971024393066,389,,,,,,,,,,,,,,,,,,,,,,,,,,,,,,,,
,,,,12,,389,,,,,,,,,,,,0.671875,,2.4317734241485596,0.000504216062836349,0.8262984752655029,0.025962790474295616,0.0,2.399588108062744,,,,,,,,,,,0.15000000596046448,1.0,0.6499999761581421
,,,,,0.0004993971024393066,399,,,,,,,,,,,,,,,,,,,,,,,,,,,,,,,,
,,,,12,,399,,,,,,,,,,,,0.609375,,2.551635503768921,0.00032754577114246786,0.7996726632118225,0.023376908153295517,0.0,2.522244453430176,,,,,,,,,,,0.15000000596046448,1.0,0.6499999761581421
0.4233815371990204,0.07757901400327682,0.4990391731262207,,12,,402,,,,,,,,,,,,,,,,,,,,,0.0041219634003937244,0.5871121883392334,0.27356666326522827,2.643524169921875,0.000666561012621969,0.7425591945648193,0.028568271547555923,0.0,2.609353542327881,,,
,,,0.5,12,,402,,,,,,,,,,,,,0.24192459881305695,,,,,,,,,,,,,,,,,,,
,,,,,0.0004986441691036478,409,,,,,,,,,,,,,,,,,,,,,,,,,,,,,,,,
,,,,13,,409,,,,,,,,,,,,0.671875,,2.8947787284851074,0.0003850792709272355,0.7925069332122803,0.03011404536664486,0.0,2.856720447540283,,,,,,,,,,,0.20000000298023224,1.0,0.699999988079071
,,,,,0.0004986441691036478,419,,,,,,,,,,,,,,,,,,,,,,,,,,,,,,,,
,,,,13,,419,,,,,,,,,,,,0.578125,,2.6797168254852295,0.002828451804816723,0.8007574081420898,0.037898026406764984,0.0,2.633669853210449,,,,,,,,,,,0.20000000298023224,1.0,0.699999988079071
,,,,,0.0004986441691036478,429,,,,,,,,,,,,,,,,,,,,,,,,,,,,,,,,
,,,,13,,429,,,,,,,,,,,,0.609375,,2.758769989013672,0.0005155852413736284,0.7847598195075989,0.029277194291353226,0.0,2.7216196060180664,,,,,,,,,,,0.20000000298023224,1.0,0.699999988079071
0.5689951777458191,0.19895954430103302,0.23204518854618073,,13,,433,,,,,,,,,,,,,,,,,,,,,0.006108223460614681,0.4797135889530182,0.2646964490413666,2.7436940670013428,0.0011750820558518171,0.7019281983375549,0.03912736847996712,0.0,2.69748854637146,,,
,,,0.5,13,,433,,,,,,,,,,,,,0.23794081807136536,,,,,,,,,,,,,,,,,,,
,,,,,0.0004975913470135388,439,,,,,,,,,,,,,,,,,,,,,,,,,,,,,,,,
,,,,14,,439,,,,,,,,,,,,0.53125,,2.5853796005249023,0.00044504934339784086,0.7839953303337097,0.025346973910927773,0.0,2.550210475921631,,,,,,,,,,,0.25,1.0,0.75
,,,,,0.0004975913470135388,449,,,,,,,,,,,,,,,,,,,,,,,,,,,,,,,,
,,,,14,,449,,,,,,,,,,,,0.625,,2.366203784942627,0.0003836361865978688,0.7461193799972534,0.025095930323004723,0.0,2.3317623138427734,,,,,,,,,,,0.25,1.0,0.75
,,,,,0.0004975913470135388,459,,,,,,,,,,,,,,,,,,,,,,,,,,,,,,,,
,,,,14,,459,,,,,,,,,,,,0.578125,,2.441744565963745,0.00011026761785615236,0.7851316928863525,0.020176494494080544,0.0,2.4117484092712402,,,,,,,,,,,0.25,1.0,0.75
0.4254387319087982,0.11735870689153671,0.4572017788887024,,14,,464,,,,,,,,,,,,,,,,,,,,,0.0037630905862897635,0.6038185954093933,0.24327629804611206,2.6071724891662598,0.00016234684153459966,0.6850327849388123,0.02695333957672119,0.0,2.571647882461548,,,
,,,0.5,14,,464,,,,,,,,,,,,,0.25684237480163574,,,,,,,,,,,,,,,,,,,
,,,,,0.0004962399188705217,469,,,,,,,,,,,,,,,,,,,,,,,,,,,,,,,,
,,,,15,,469,,,,,,,,,,,,0.609375,,2.8398385047912598,0.0001350570673821494,0.8141886591911316,0.025024665519595146,0.0,2.8025944232940674,,,,,,,,,,,0.30000001192092896,1.0,0.800000011920929
,,,,,0.0004962399188705217,479,,,,,,,,,,,,,,,,,,,,,,,,,,,,,,,,
,,,,15,,479,,,,,,,,,,,,0.546875,,2.8879733085632324,0.00038031229632906616,0.7566586136817932,0.03401929512619972,0.0,2.8425850868225098,,,,,,,,,,,0.30000001192092896,1.0,0.800000011920929
,,,,,0.0004962399188705217,489,,,,,,,,,,,,,,,,,,,,,,,,,,,,,,,,
,,,,15,,489,,,,,,,,,,,,0.625,,2.5766513347625732,0.00017727211525198072,0.8070249557495117,0.02368251420557499,0.0,2.5408544540405273,,,,,,,,,,,0.30000001192092896,1.0,0.800000011920929
0.41100746393203735,0.08912933617830276,0.49986305832862854,,15,,495,,,,,,,,,,,,,,,,,,,,,0.007103739771991968,0.5274463295936584,0.2969017028808594,2.7240242958068848,0.0011095124064013362,0.6941110491752625,0.05024184659123421,0.0,2.663315534591675,,,
,,,0.5,15,,495,,,,,,,,,,,,,0.2420741766691208,,,,,,,,,,,,,,,,,,,
,,,,,0.0004945915311816171,499,,,,,,,,,,,,,,,,,,,,,,,,,,,,,,,,
,,,,16,,499,,,,,,,,,,,,0.5625,,2.3875386714935303,0.0005205871420912445,0.799515426158905,0.034765951335430145,0.0,2.3387551307678223,,,,,,,,,,,0.3499999940395355,1.0,0.8500000238418579
,,,,,0.0004945915311816171,509,,,,,,,,,,,,,,,,,,,,,,,,,,,,,,,,
,,,,16,,509,,,,,,,,,,,,0.59375,,2.2668421268463135,0.0006998199387453496,0.7436460852622986,0.03738042339682579,0.0,2.2164127826690674,,,,,,,,,,,0.3499999940395355,1.0,0.8500000238418579
,,,,,0.0004945915311816171,519,,,,,,,,,,,,,,,,,,,,,,,,,,,,,,,,
,,,,16,,519,,,,,,,,,,,,0.671875,,2.487644910812378,0.001768172369338572,0.7293740510940552,0.019307633861899376,0.0,2.4554848670959473,,,,,,,,,,,0.3499999940395355,1.0,0.8500000238418579
0.1850748360157013,0.0989086851477623,0.7160164713859558,,16,,526,,,,,,,,,,,,,,,,,,,,,0.004480795934796333,0.5704057216644287,0.2486143410205841,2.6642699241638184,0.001528897206299007,0.6752260327339172,0.03616343066096306,0.0,2.616213321685791,,,
,,,0.5,16,,526,,,,,,,,,,,,,0.2679811120033264,,,,,,,,,,,,,,,,,,,
,,,,,0.0004926481922533092,529,,,,,,,,,,,,,,,,,,,,,,,,,,,,,,,,
,,,,17,,529,,,,,,,,,,,,0.671875,,2.7948384284973145,0.0007010779227130115,0.7479461431503296,0.026314515620470047,0.0,2.7535300254821777,,,,,,,,,,,0.4000000059604645,1.0,0.8999999761581421
,,,,,0.0004926481922533092,539,,,,,,,,,,,,,,,,,,,,,,,,,,,,,,,,
,,,,17,,539,,,,,,,,,,,,0.671875,,2.2217764854431152,0.0010847530793398619,0.7765223383903503,0.05064922198653221,0.0,2.1555428504943848,,,,,,,,,,,0.4000000059604645,1.0,0.8999999761581421
,,,,,0.0004926481922533092,549,,,,,,,,,,,,,,,,,,,,,,,,,,,,,,,,
,,,,17,,549,,,,,,,,,,,,0.53125,,3.0608177185058594,0.0005338232149370015,0.7239103317260742,0.03640815243124962,0.0,3.009904623031616,,,,,,,,,,,0.4000000059604645,1.0,0.8999999761581421
0.7600982785224915,0.1117953509092331,0.12810629606246948,,17,,557,,,,,,,,,,,,,,,,,,,,,0.006810037884861231,0.5298329591751099,0.25992730259895325,2.680568218231201,0.0008138124248944223,0.6866441965103149,0.04642464593052864,0.0,2.6203701496124268,,,
,,,0.5,17,,557,,,,,,,,,,,,,0.3040446639060974,,,,,,,,,,,,,,,,,,,
,,,,,0.0004904122697447341,559,,,,,,,,,,,,,,,,,,,,,,,,,,,,,,,,
,,,,18,,559,,,,,,,,,,,,0.53125,,3.1592016220092773,0.00038484757533296943,0.7498055100440979,0.026075327768921852,0.0,3.1162362098693848,,,,,,,,,,,0.44999998807907104,1.0,0.949999988079071
,,,,,0.0004904122697447341,569,,,,,,,,,,,,,,,,,,,,,,,,,,,,,,,,
,,,,18,,569,,,,,,,,,,,,0.625,,2.3859941959381104,0.0007233565556816757,0.7632226347923279,0.03436463326215744,0.0,2.334420680999756,,,,,,,,,,,0.44999998807907104,1.0,0.949999988079071
,,,,,0.0004904122697447341,579,,,,,,,,,,,,,,,,,,,,,,,,,,,,,,,,
,,,,18,,579,,,,,,,,,,,,0.640625,,2.0162312984466553,0.000396064919186756,0.7498565316200256,0.02739894762635231,0.0,1.9719407558441162,,,,,,,,,,,0.44999998807907104,1.0,0.949999988079071
0.6453139185905457,0.2714841067790985,0.08320185542106628,,18,,588,,,,,,,,,,,,,,,,,,,,,0.006516729947179556,0.5560859441757202,0.2552928626537323,2.6905789375305176,0.0022024812642484903,0.6803292632102966,0.04586677625775337,0.0,2.6292946338653564,,,
,,,0.5,18,,588,,,,,,,,,,,,,0.3145104646682739,,,,,,,,,,,,,,,,,,,
,,,,,0.00048788648778305075,589,,,,,,,,,,,,,,,,,,,,,,,,,,,,,,,,
,,,,19,,589,,,,,,,,,,,,0.71875,,2.117661237716675,0.0009836230892688036,0.7705309391021729,0.0339072160422802,0.0,2.064441680908203,,,,,,,,,,,0.5,1.0,1.0
,,,,,0.00048788648778305075,599,,,,,,,,,,,,,,,,,,,,,,,,,,,,,,,,
,,,,19,,599,,,,,,,,,,,,0.5,,2.645951271057129,0.000522230810020119,0.7481307983398438,0.03775768354535103,0.0,2.5894641876220703,,,,,,,,,,,0.5,1.0,1.0
,,,,,0.00048788648778305075,609,,,,,,,,,,,,,,,,,,,,,,,,,,,,,,,,
,,,,19,,609,,,,,,,,,,,,0.625,,2.778419017791748,0.0010475321905687451,0.7562025189399719,0.0419449545443058,0.0,2.7175164222717285,,,,,,,,,,,0.5,1.0,1.0
,,,,,0.00048788648778305075,619,,,,,,,,,,,,,,,,,,,,,,,,,,,,,,,,
,,,,19,,619,,,,,,,,,,,,0.5833333134651184,,2.678271770477295,0.000586845213547349,0.7653397917747498,0.023245295509696007,0.0,2.6358635425567627,,,,,,,,,,,0.5,1.0,1.0
0.6195773482322693,0.3165033161640167,0.0639193207025528,,19,,619,,,,,,,,,,,,,,,,,,,,,0.008360480889678001,0.5011933445930481,0.2489815205335617,2.7619290351867676,0.002434742171317339,0.6812111139297485,0.05185890570282936,0.0,2.692918300628662,,,
,,,0.5,19,,619,,,,,,,,,,,,,0.37620848417282104,,,,,,,,,,,,,,,,,,,
,,,,,0.0004850739236445125,629,,,,,,,,,,,,,,,,,,,,,,,,,,,,,,,,
,,,,20,,629,,,,,,,,,,,,0.703125,,2.3782613277435303,0.0027744201943278313,0.7740840911865234,0.07420527189970016,0.0,2.35683536529541,,,,,,,,,,,0.550000011920929,0.0,1.0
,,,,,0.0004850739236445125,639,,,,,,,,,,,,,,,,,,,,,,,,,,,,,,,,
,,,,20,,639,,,,,,,,,,,,0.703125,,2.092616558074951,0.007453135214745998,0.7502025961875916,0.14653494954109192,0.0,2.071613311767578,,,,,,,,,,,0.550000011920929,0.0,1.0
,,,,,0.0004850739236445125,649,,,,,,,,,,,,,,,,,,,,,,,,,,,,,,,,
,,,,20,,649,,,,,,,,,,,,0.625,,2.5044922828674316,0.005454220809042454,0.7824488878250122,0.13161572813987732,0.0,2.4827022552490234,,,,,,,,,,,0.550000011920929,0.0,1.0
0.26230138540267944,0.29282787442207336,0.4448707699775696,,20,,650,,,,,,,,,,,,,,,,,,,,0.5,0.032479386776685715,0.5656324625015259,0.27134326100349426,2.616293430328369,0.021705465391278267,0.6890760064125061,0.21429191529750824,0.0,2.5962586402893066,,,
,,,0.5,20,,650,,,,,,,,,,,,,0.3655112087726593,,,,,,,,,,,,,,,,,,,
,,,,,0.0004819780040052801,659,,,,,,,,,,,,,,,,,,,,,,,,,,,,,,,,
,,,,21,,659,,,,,,,,,,,,0.75,,1.8200740814208984,0.007794997654855251,0.7828195095062256,0.17239797115325928,0.0,1.7789599895477295,,,,,,,,,,,0.6000000238418579,0.10000000149011612,1.0
,,,,,0.0004819780040052801,669,,,,,,,,,,,,,,,,,,,,,,,,,,,,,,,,
,,,,21,,669,,,,,,,,,,,,0.5625,,2.5028653144836426,0.006052802782505751,0.8087393045425415,0.1937577724456787,0.0,2.4589247703552246,,,,,,,,,,,0.6000000238418579,0.10000000149011612,1.0
,,,,,0.0004819780040052801,679,,,,,,,,,,,,,,,,,,,,,,,,,,,,,,,,
,,,,21,,679,,,,,,,,,,,,0.609375,,2.4087915420532227,0.0017718960298225284,0.7854371666908264,0.1137424111366272,0.0,2.373765468597412,,,,,,,,,,,0.6000000238418579,0.10000000149011612,1.0
0.31118056178092957,0.19514599442481995,0.4936733841896057,,21,,681,,,,,,,,,,,,,,,,,,,,,0.034104250371456146,0.5560859441757202,0.29442253708839417,2.73807954788208,0.0058867731131613255,0.6806977987289429,0.23402352631092072,0.0,2.6939620971679688,,,
,,,0.5,21,,681,,,,,,,,,,,,,0.4084206819534302,,,,,,,,,,,,,,,,,,,
,,,,,0.0004786025007665439,689,,,,,,,,,,,,,,,,,,,,,,,,,,,,,,,,
,,,,22,,689,,,,,,,,,,,,0.703125,,2.28133487701416,0.0016813857946544886,0.7664349675178528,0.11412959545850754,0.0,2.233515739440918,,,,,,,,,,,0.6499999761581421,0.20000000298023224,1.0
,,,,,0.0004786025007665439,699,,,,,,,,,,,,,,,,,,,,,,,,,,,,,,,,
,,,,22,,699,,,,,,,,,,,,0.71875,,2.1193430423736572,0.00241703144274652,0.7724073529243469,0.1208319216966629,0.0,2.0699524879455566,,,,,,,,,,,0.6499999761581421,0.20000000298023224,1.0
,,,,,0.0004786025007665439,709,,,,,,,,,,,,,,,,,,,,,,,,,,,,,,,,
,,,,22,,709,,,,,,,,,,,,0.71875,,2.6722142696380615,0.0015104616759344935,0.7454025149345398,0.10078936070203781,0.0,2.6277554035186768,,,,,,,,,,,0.6499999761581421,0.20000000298023224,1.0
0.40599745512008667,0.3475981652736664,0.2464042603969574,,22,,712,,,,,,,,,,,,,,,,,,,,,0.02260575257241726,0.45584726333618164,0.2980048358440399,2.792534112930298,0.0026804788503795862,0.6665704250335693,0.14747904241085052,0.0,2.7412407398223877,,,
,,,0.5,22,,712,,,,,,,,,,,,,0.4209291934967041,,,,,,,,,,,,,,,,,,,
,,,,,0.00047495152645904404,719,,,,,,,,,,,,,,,,,,,,,,,,,,,,,,,,
,,,,23,,719,,,,,,,,,,,,0.625,,2.8691155910491943,0.0018580768955871463,0.7530546188354492,0.10009834915399551,0.0,2.812636137008667,,,,,,,,,,,0.699999988079071,0.30000001192092896,1.0
,,,,,0.00047495152645904404,729,,,,,,,,,,,,,,,,,,,,,,,,,,,,,,,,
,,,,23,,729,,,,,,,,,,,,0.59375,,2.6243278980255127,0.0029516301583498716,0.7524719834327698,0.0783371776342392,0.0,2.574342727661133,,,,,,,,,,,0.699999988079071,0.30000001192092896,1.0
,,,,,0.00047495152645904404,739,,,,,,,,,,,,,,,,,,,,,,,,,,,,,,,,
,,,,23,,739,,,,,,,,,,,,0.640625,,2.035799980163574,0.006116276141256094,0.7614172101020813,0.08678663522005081,0.0,1.9828083515167236,,,,,,,,,,,0.699999988079071,0.30000001192092896,1.0
0.4706914722919464,0.35097771883010864,0.17833080887794495,,23,,743,,,,,,,,,,,,,,,,,,,,,0.0188007652759552,0.5656324625015259,0.28436315059661865,2.7536492347717285,0.008444004692137241,0.6803103089332581,0.12828762829303741,0.0,2.690929889678955,,,
,,,0.5,23,,743,,,,,,,,,,,,,0.4187260866165161,,,,,,,,,,,,,,,,,,,
,,,,,0.00047102952923258466,749,,,,,,,,,,,,,,,,,,,,,,,,,,,,,,,,
,,,,24,,749,,,,,,,,,,,,0.734375,,1.926198959350586,0.0050585451535880566,0.7524943351745605,0.10978197306394577,0.0,1.853814721107483,,,,,,,,,,,0.75,0.4000000059604645,1.0
,,,,,0.00047102952923258466,759,,,,,,,,,,,,,,,,,,,,,,,,,,,,,,,,
,,,,24,,759,,,,,,,,,,,,0.640625,,2.1514596939086914,0.005685992073267698,0.7651389837265015,0.11203663796186447,0.0,2.0776681900024414,,,,,,,,,,,0.75,0.4000000059604645,1.0
,,,,,0.00047102952923258466,769,,,,,,,,,,,,,,,,,,,,,,,,,,,,,,,,
,,,,24,,769,,,,,,,,,,,,0.546875,,2.3409476280212402,0.012321959249675274,0.776025652885437,0.11361833661794662,0.0,2.2657833099365234,,,,,,,,,,,0.75,0.4000000059604645,1.0
0.5157814621925354,0.36085593700408936,0.12336258590221405,,24,,774,,,,,,,,,,,,,,,,,,,,,0.019648563116788864,0.4988066852092743,0.24766695499420166,2.991342544555664,0.013524179346859455,0.6852158308029175,0.1419025957584381,0.0,2.908209800720215,,,
,,,0.5,24,,774,,,,,,,,,,,,,0.446479856967926,,,,,,,,,,,,,,,,,,,
,,,,,0.0004668412874366488,779,,,,,,,,,,,,,,,,,,,,,,,,,,,,,,,,
,,,,25,,779,,,,,,,,,,,,0.65625,,2.539766550064087,0.01590600237250328,0.7524600028991699,0.09807757288217545,0.0,2.459833860397339,,,,,,,,,,,0.800000011920929,0.5,1.0
,,,,,0.0004668412874366488,789,,,,,,,,,,,,,,,,,,,,,,,,,,,,,,,,
,,,,25,,789,,,,,,,,,,,,0.703125,,2.367318630218506,0.0022687457967549562,0.7658405900001526,0.06115847826004028,0.0,2.3059921264648438,,,,,,,,,,,0.800000011920929,0.5,1.0
,,,,,0.0004668412874366488,799,,,,,,,,,,,,,,,,,,,,,,,,,,,,,,,,
,,,,25,,799,,,,,,,,,,,,0.625,,3.1142237186431885,0.0022740312851965427,0.7607094645500183,0.08025981485843658,0.0,3.0435516834259033,,,,,,,,,,,0.800000011920929,0.5,1.0
0.5529346466064453,0.32887035608291626,0.11819493770599365,,25,,805,,,,,,,,,,,,,,,,,,,,,0.021002965047955513,0.5298329591751099,0.29516375064849854,2.9441721439361572,0.00656146602705121,0.680974543094635,0.13665316998958588,0.0,2.848278522491455,,,
,,,0.5,25,,805,,,,,,,,,,,,,0.4507991075515747,,,,,,,,,,,,,,,,,,,
,,,,,0.0004623919037987156,809,,,,,,,,,,,,,,,,,,,,,,,,,,,,,,,,
,,,,26,,809,,,,,,,,,,,,0.671875,,2.393951177597046,0.004784078802913427,0.7553848028182983,0.10011088103055954,0.0,2.301541805267334,,,,,,,,,,,0.8500000238418579,0.6000000238418579,1.0
,,,,,0.0004623919037987156,819,,,,,,,,,,,,,,,,,,,,,,,,,,,,,,,,
,,,,26,,819,,,,,,,,,,,,0.78125,,2.0351366996765137,0.002886946080252528,0.762999415397644,0.07310379296541214,0.0,1.958702564239502,,,,,,,,,,,0.8500000238418579,0.6000000238418579,1.0
,,,,,0.0004623919037987156,829,,,,,,,,,,,,,,,,,,,,,,,,,,,,,,,,
,,,,26,,829,,,,,,,,,,,,0.75,,1.9086695909500122,0.002796596148982644,0.7395315170288086,0.07664135098457336,0.0,1.8311147689819336,,,,,,,,,,,0.8500000238418579,0.6000000238418579,1.0
0.5126568675041199,0.278875470161438,0.20846770703792572,,26,,836,,,,,,,,,,,,,,,,,,,,,0.02059365250170231,0.4677804410457611,0.31863775849342346,3.0443906784057617,0.008990542963147163,0.684937059879303,0.15354092419147491,0.0,2.9227068424224854,,,
,,,0.5,26,,836,,,,,,,,,,,,,0.478947252035141,,,,,,,,,,,,,,,,,,,
,,,,,0.000457686799207373,839,,,,,,,,,,,,,,,,,,,,,,,,,,,,,,,,
,,,,27,,839,,,,,,,,,,,,0.8125,,2.1674699783325195,0.003031504573300481,0.7484617233276367,0.09028147161006927,0.0,2.0704405307769775,,,,,,,,,,,0.8999999761581421,0.699999988079071,1.0
,,,,,0.000457686799207373,849,,,,,,,,,,,,,,,,,,,,,,,,,,,,,,,,
,,,,27,,849,,,,,,,,,,,,0.71875,,2.62581467628479,0.0030861645936965942,0.7801446914672852,0.05282643064856529,0.0,2.5535755157470703,,,,,,,,,,,0.8999999761581421,0.699999988079071,1.0
,,,,,0.000457686799207373,859,,,,,,,,,,,,,,,,,,,,,,,,,,,,,,,,
,,,,27,,859,,,,,,,,,,,,0.765625,,2.0258655548095703,0.007145660929381847,0.7470917105674744,0.06054311990737915,0.0,1.9495089054107666,,,,,,,,,,,0.8999999761581421,0.699999988079071,1.0
0.5845094919204712,0.244078129529953,0.17141246795654297,,27,,867,,,,,,,,,,,,,,,,,,,,,0.025527657940983772,0.4534606337547302,0.26608771085739136,3.2220799922943115,0.01874661259353161,0.6810765266418457,0.16603130102157593,0.0,3.0742721557617188,,,
,,,0.5,27,,867,,,,,,,,,,,,,0.5327708125114441,,,,,,,,,,,,,,,,,,,
,,,,,0.00045273170610779967,869,,,,,,,,,,,,,,,,,,,,,,,,,,,,,,,,
,,,,28,,869,,,,,,,,,,,,0.625,,2.499711275100708,0.009509013965725899,0.7585920691490173,0.09287136793136597,0.0,2.3889055252075195,,,,,,,,,,,0.949999988079071,0.800000011920929,1.0
,,,,,0.00045273170610779967,879,,,,,,,,,,,,,,,,,,,,,,,,,,,,,,,,
,,,,28,,879,,,,,,,,,,,,0.765625,,2.173731803894043,0.005825485102832317,0.7730852961540222,0.05238362029194832,0.0,2.0948121547698975,,,,,,,,,,,0.949999988079071,0.800000011920929,1.0
,,,,,0.00045273170610779967,889,,,,,,,,,,,,,,,,,,,,,,,,,,,,,,,,
,,,,28,,889,,,,,,,,,,,,0.59375,,2.420823097229004,0.00752616673707962,0.7750504612922668,0.07688552886247635,0.0,2.3221235275268555,,,,,,,,,,,0.949999988079071,0.800000011920929,1.0
0.43952813744544983,0.23150058090686798,0.328971266746521,,28,,898,,,,,,,,,,,,,,,,,,,,,0.011488663032650948,0.5680190920829773,0.38447603583335876,2.8546814918518066,0.0073435865342617035,0.6903301477432251,0.08640651404857635,0.0,2.75239896774292,,,
,,,0.5,28,,898,,,,,,,,,,,,,0.5102100968360901,,,,,,,,,,,,,,,,,,,
,,,,,0.0004475326615176639,899,,,,,,,,,,,,,,,,,,,,,,,,,,,,,,,,
,,,,29,,899,,,,,,,,,,,,0.734375,,2.355928897857666,0.003034018911421299,0.7883723974227905,0.05816296860575676,0.0,2.264011859893799,,,,,,,,,,,1.0,0.8999999761581421,1.0
,,,,,0.0004475326615176639,909,,,,,,,,,,,,,,,,,,,,,,,,,,,,,,,,
,,,,29,,909,,,,,,,,,,,,0.6875,,2.5515899658203125,0.003587571205571294,0.7372292876243591,0.06914281100034714,0.0,2.4523208141326904,,,,,,,,,,,1.0,0.8999999761581421,1.0
,,,,,0.0004475326615176639,919,,,,,,,,,,,,,,,,,,,,,,,,,,,,,,,,
,,,,29,,919,,,,,,,,,,,,0.765625,,1.8564304113388062,0.004280671011656523,0.7543681859970093,0.05307476595044136,0.0,1.77073073387146,,,,,,,,,,,1.0,0.8999999761581421,1.0
,,,,,0.0004475326615176639,929,,,,,,,,,,,,,,,,,,,,,,,,,,,,,,,,
,,,,29,,929,,,,,,,,,,,,0.7222222089767456,,1.9489296674728394,0.005318311974406242,0.7360184788703918,0.0519406683743,0.0,1.8651161193847656,,,,,,,,,,,1.0,0.8999999761581421,1.0
0.5310408473014832,0.2869115471839905,0.18204757571220398,,29,,929,,,,,,,,,,,,,,,,,,,,,0.013314763084053993,0.4677804410457611,0.2868035137653351,3.1788246631622314,0.008204340934753418,0.6786347031593323,0.08936526626348495,0.0,3.064053773880005,,,
,,,0.5,29,,929,,,,,,,,,,,,,0.551619827747345,,,,,,,,,,,,,,,,,,,
,,,,,0.0004420959996719472,939,,,,,,,,,,,,,,,,,,,,,,,,,,,,,,,,
,,,,30,,939,,,,,,,,,,,,0.6875,,1.9337162971496582,0.0074685863219201565,0.7376371026039124,0.08601472526788712,0.0,1.8104462623596191,,,,,,,,,,,1.0,1.0,1.0
,,,,,0.0004420959996719472,949,,,,,,,,,,,,,,,,,,,,,,,,,,,,,,,,
,,,,30,,949,,,,,,,,,,,,0.6875,,2.366753101348877,0.004138266667723656,0.7913917899131775,0.039844710379838943,0.0,2.2871317863464355,,,,,,,,,,,1.0,1.0,1.0
,,,,,0.0004420959996719472,959,,,,,,,,,,,,,,,,,,,,,,,,,,,,,,,,
,,,,30,,959,,,,,,,,,,,,0.75,,2.122835159301758,0.005931376945227385,0.7509055137634277,0.06689208745956421,0.0,2.018101215362549,,,,,,,,,,,1.0,1.0,1.0
0.5562893748283386,0.26611030101776123,0.17760030925273895,,30,,960,,,,,,,,,,,,,,,,,,,,0.5,0.012903577648103237,0.5155131220817566,0.2972351312637329,3.117432117462158,0.011246654205024242,0.6782810091972351,0.09987747669219971,0.0,2.9830784797668457,,,
,,,0.5,30,,960,,,,,,,,,,,,,0.5417376160621643,,,,,,,,,,,,,,,,,,,
,,,,,0.0004364283443056552,969,,,,,,,,,,,,,,,,,,,,,,,,,,,,,,,,
,,,,31,,969,,,,,,,,,,,,0.71875,,1.98610520362854,0.006197421811521053,0.8050950169563293,0.05706959590315819,0.0,1.8884711265563965,,,,,,,,,,,1.0,1.0,1.0
,,,,,0.0004364283443056552,979,,,,,,,,,,,,,,,,,,,,,,,,,,,,,,,,
,,,,31,,979,,,,,,,,,,,,0.75,,1.9249577522277832,0.006013473495841026,0.7552651166915894,0.04436748847365379,0.0,1.8425264358520508,,,,,,,,,,,1.0,1.0,1.0
,,,,,0.0004364283443056552,989,,,,,,,,,,,,,,,,,,,,,,,,,,,,,,,,
,,,,31,,989,,,,,,,,,,,,0.71875,,1.8254683017730713,0.007804748602211475,0.7503142952919006,0.05381552129983902,0.0,1.7337467670440674,,,,,,,,,,,1.0,1.0,1.0
0.5038338899612427,0.2919091284275055,0.2042570263147354,,31,,991,,,,,,,,,,,,,,,,,,,,,0.015691764652729034,0.5107398629188538,0.3027714788913727,3.2051806449890137,0.02168942429125309,0.6869844794273376,0.09928813576698303,0.0,3.0704591274261475,,,
,,,0.5,31,,991,,,,,,,,,,,,,0.6220402717590332,,,,,,,,,,,,,,,,,,,
,,,,,0.00043053660058381627,999,,,,,,,,,,,,,,,,,,,,,,,,,,,,,,,,
,,,,32,,999,,,,,,,,,,,,0.734375,,2.2613234519958496,0.007687170058488846,0.7685986161231995,0.049970824271440506,0.0,2.1725382804870605,,,,,,,,,,,1.0,1.0,1.0
,,,,,0.00043053660058381627,1009,,,,,,,,,,,,,,,,,,,,,,,,,,,,,,,,
,,,,32,,1009,,,,,,,,,,,,0.703125,,1.9840946197509766,0.009969187900424004,0.7588813900947571,0.04849270358681679,0.0,1.897159457206726,,,,,,,,,,,1.0,1.0,1.0
,,,,,0.00043053660058381627,1019,,,,,,,,,,,,,,,,,,,,,,,,,,,,,,,,
,,,,32,,1019,,,,,,,,,,,,0.640625,,2.12736439704895,0.010061630979180336,0.7260928153991699,0.07059954851865768,0.0,2.0199570655822754,,,,,,,,,,,1.0,1.0,1.0
0.3281906843185425,0.44059425592422485,0.23121504485607147,,32,,1022,,,,,,,,,,,,,,,,,,,,,0.014202184043824673,0.49164676666259766,0.34963300824165344,3.218953847885132,0.016900449991226196,0.6870211362838745,0.10301334410905838,0.0,3.080744504928589,,,
,,,0.5,32,,1022,,,,,,,,,,,,,0.59578937292099,,,,,,,,,,,,,,,,,,,
,,,,,0.0004244279466886019,1029,,,,,,,,,,,,,,,,,,,,,,,,,,,,,,,,
,,,,33,,1029,,,,,,,,,,,,0.765625,,1.8399569988250732,0.00998254306614399,0.7389702200889587,0.0627322718501091,0.0,1.7397770881652832,,,,,,,,,,,1.0,1.0,1.0
,,,,,0.0004244279466886019,1039,,,,,,,,,,,,,,,,,,,,,,,,,,,,,,,,
,,,,33,,1039,,,,,,,,,,,,0.734375,,2.2706379890441895,0.005401476286351681,0.7217050194740295,0.05045464262366295,0.0,2.1838278770446777,,,,,,,,,,,1.0,1.0,1.0
,,,,,0.0004244279466886019,1049,,,,,,,,,,,,,,,,,,,,,,,,,,,,,,,,
,,,,33,,1049,,,,,,,,,,,,0.75,,2.003770351409912,0.0077718752436339855,0.7438915967941284,0.05435756966471672,0.0,1.9118295907974243,,,,,,,,,,,1.0,1.0,1.0
0.4105340838432312,0.3094452917575836,0.28002065420150757,,33,,1053,,,,,,,,,,,,,,,,,,,,,0.013427848927676678,0.4773269593715668,0.23958051204681396,3.2544198036193848,0.02315071038901806,0.6864535212516785,0.09843482822179794,0.0,3.12050461769104,,,
,,,0.5,33,,1053,,,,,,,,,,,,,0.6262666583061218,,,,,,,,,,,,,,,,,,,
,,,,,0.00041810982507381754,1059,,,,,,,,,,,,,,,,,,,,,,,,,,,,,,,,
,,,,34,,1059,,,,,,,,,,,,0.859375,,1.6811728477478027,0.019270941615104675,0.7150542140007019,0.0752895176410675,0.0,1.569167137145996,,,,,,,,,,,1.0,1.0,1.0
,,,,,0.00041810982507381754,1069,,,,,,,,,,,,,,,,,,,,,,,,,,,,,,,,
,,,,34,,1069,,,,,,,,,,,,0.78125,,1.7706836462020874,0.02639249712228775,0.7085479497909546,0.06051303818821907,0.0,1.6734235286712646,,,,,,,,,,,1.0,1.0,1.0
,,,,,0.00041810982507381754,1079,,,,,,,,,,,,,,,,,,,,,,,,,,,,,,,,
,,,,34,,1079,,,,,,,,,,,,0.6875,,2.417145013809204,0.015960756689310074,0.7646111845970154,0.050436556339263916,0.0,2.3276798725128174,,,,,,,,,,,1.0,1.0,1.0
0.34356608986854553,0.3837693929672241,0.27266451716423035,,34,,1084,,,,,,,,,,,,,,,,,,,,,0.012925548478960991,0.4653937816619873,0.23208986222743988,3.3296170234680176,0.03973641246557236,0.6779869794845581,0.09473838657140732,0.0,3.1989917755126953,,,
,,,0.5,34,,1084,,,,,,,,,,,,,0.6436107754707336,,,,,,,,,,,,,,,,,,,
,,,,,0.0004115899333974186,1089,,,,,,,,,,,,,,,,,,,,,,,,,,,,,,,,
,,,,35,,1089,,,,,,,,,,,,0.71875,,1.9276481866836548,0.018416782841086388,0.7447494268417358,0.07049805670976639,0.0,1.8189916610717773,,,,,,,,,,,1.0,1.0,1.0
,,,,,0.0004115899333974186,1099,,,,,,,,,,,,,,,,,,,,,,,,,,,,,,,,
,,,,35,,1099,,,,,,,,,,,,0.828125,,1.8644752502441406,0.022501666098833084,0.7488447427749634,0.0568549819290638,0.0,1.7690529823303223,,,,,,,,,,,1.0,1.0,1.0
,,,,,0.0004115899333974186,1109,,,,,,,,,,,,,,,,,,,,,,,,,,,,,,,,
,,,,35,,1109,,,,,,,,,,,,0.71875,,2.124767780303955,0.011953252367675304,0.7528231739997864,0.05546058341860771,0.0,2.0310683250427246,,,,,,,,,,,1.0,1.0,1.0
0.5169387459754944,0.3676152527332306,0.11544603109359741,,35,,1115,,,,,,,,,,,,,,,,,,,,,0.01123016607016325,0.5107398629188538,0.24551677703857422,3.2059481143951416,0.016080064699053764,0.6820839643478394,0.08191528916358948,0.0,3.0891246795654297,,,
,,,0.5,35,,1115,,,,,,,,,,,,,0.6801210045814514,,,,,,,,,,,,,,,,,,,
,,,,,0.0004048762151431006,1119,,,,,,,,,,,,,,,,,,,,,,,,,,,,,,,,
,,,,36,,1119,,,,,,,,,,,,0.71875,,1.6670241355895996,0.013113383203744888,0.7298547029495239,0.06641338765621185,0.0,1.5634623765945435,,,,,,,,,,,1.0,1.0,1.0
,,,,,0.0004048762151431006,1129,,,,,,,,,,,,,,,,,,,,,,,,,,,,,,,,
,,,,36,,1129,,,,,,,,,,,,0.5625,,2.512437343597412,0.010834148153662682,0.7267422080039978,0.07561368495225906,0.0,2.39994478225708,,,,,,,,,,,1.0,1.0,1.0
,,,,,0.0004048762151431006,1139,,,,,,,,,,,,,,,,,,,,,,,,,,,,,,,,
,,,,36,,1139,,,,,,,,,,,,0.78125,,1.771140217781067,0.006698958575725555,0.7542580962181091,0.058206330984830856,0.0,1.6748859882354736,,,,,,,,,,,1.0,1.0,1.0
0.42419862747192383,0.3340160548686981,0.24178528785705566,,36,,1146,,,,,,,,,,,,,,,,,,,,,0.011040235869586468,0.5226730108261108,0.31532421708106995,3.2005536556243896,0.011025376617908478,0.6838701367378235,0.07810371369123459,0.0,3.087705373764038,,,
,,,0.5,36,,1146,,,,,,,,,,,,,0.671274721622467,,,,,,,,,,,,,,,,,,,
,,,,,0.0003979768499423873,1149,,,,,,,,,,,,,,,,,,,,,,,,,,,,,,,,
,,,,37,,1149,,,,,,,,,,,,0.84375,,1.8959170579910278,0.007121339440345764,0.7749556303024292,0.08153847604990005,0.0,1.7752747535705566,,,,,,,,,,,1.0,1.0,1.0
,,,,,0.0003979768499423873,1159,,,,,,,,,,,,,,,,,,,,,,,,,,,,,,,,
,,,,37,,1159,,,,,,,,,,,,0.828125,,1.9709620475769043,0.013942687772214413,0.7174350023269653,0.08623094111680984,0.0,1.8481621742248535,,,,,,,,,,,1.0,1.0,1.0
,,,,,0.0003979768499423873,1169,,,,,,,,,,,,,,,,,,,,,,,,,,,,,,,,
,,,,37,,1169,,,,,,,,,,,,0.78125,,2.1340997219085693,0.012399236671626568,0.7500946521759033,0.05634482577443123,0.0,2.03963041305542,,,,,,,,,,,1.0,1.0,1.0
0.40812820196151733,0.41373685002326965,0.17813493311405182,,37,,1177,,,,,,,,,,,,,,,,,,,,,0.01240223366767168,0.4677804410457611,0.2987102270126343,3.331144094467163,0.01658599078655243,0.6796281933784485,0.08483336865901947,0.0,3.2115001678466797,,,
,,,0.5,37,,1177,,,,,,,,,,,,,0.6575551629066467,,,,,,,,,,,,,,,,,,,
,,,,,0.00039090024360901,1179,,,,,,,,,,,,,,,,,,,,,,,,,,,,,,,,
,,,,38,,1179,,,,,,,,,,,,0.640625,,2.1684038639068604,0.010546437464654446,0.7459377646446228,0.058338768780231476,0.0,2.0722408294677734,,,,,,,,,,,1.0,1.0,1.0
,,,,,0.00039090024360901,1189,,,,,,,,,,,,,,,,,,,,,,,,,,,,,,,,
,,,,38,,1189,,,,,,,,,,,,0.78125,,1.7159807682037354,0.010692432522773743,0.7393456697463989,0.06535078585147858,0.0,1.6131280660629272,,,,,,,,,,,1.0,1.0,1.0
,,,,,0.00039090024360901,1199,,,,,,,,,,,,,,,,,,,,,,,,,,,,,,,,
,,,,38,,1199,,,,,,,,,,,,0.765625,,2.1780812740325928,0.00980090256780386,0.7783733010292053,0.06664688885211945,0.0,2.072025775909424,,,,,,,,,,,1.0,1.0,1.0
0.36088842153549194,0.41489502787590027,0.22421656548976898,,38,,1208,,,,,,,,,,,,,,,,,,,,,0.013919641263782978,0.5107398629188538,0.2504100799560547,3.336693525314331,0.02190610021352768,0.6943703889846802,0.10515083372592926,0.0,3.1957290172576904,,,
,,,0.5,38,,1208,,,,,,,,,,,,,0.7334842085838318,,,,,,,,,,,,,,,,,,,
,,,,,0.00038365501789771835,1209,,,,,,,,,,,,,,,,,,,,,,,,,,,,,,,,
,,,,39,,1209,,,,,,,,,,,,0.859375,,1.589936375617981,0.012041819281876087,0.7658738493919373,0.06487687677145004,0.0,1.48616361618042,,,,,,,,,,,1.0,1.0,1.0
,,,,,0.00038365501789771835,1219,,,,,,,,,,,,,,,,,,,,,,,,,,,,,,,,
,,,,39,,1219,,,,,,,,,,,,0.890625,,1.4380275011062622,0.010596547275781631,0.767135739326477,0.06594984978437424,0.0,1.3331910371780396,,,,,,,,,,,1.0,1.0,1.0
,,,,,0.00038365501789771835,1229,,,,,,,,,,,,,,,,,,,,,,,,,,,,,,,,
,,,,39,,1229,,,,,,,,,,,,0.8125,,1.5480574369430542,0.011692333035171032,0.7937568426132202,0.04596291109919548,0.0,1.4618220329284668,,,,,,,,,,,1.0,1.0,1.0
,,,,,0.00038365501789771835,1239,,,,,,,,,,,,,,,,,,,,,,,,,,,,,,,,
,,,,39,,1239,,,,,,,,,,,,0.8055555820465088,,1.819365382194519,0.010169392451643944,0.8408806920051575,0.06390752643346786,0.0,1.7129054069519043,,,,,,,,,,,1.0,1.0,1.0
0.43681350350379944,0.3022480309009552,0.260938435792923,,39,,1239,,,,,,,,,,,,,,,,,,,,,0.01226151641458273,0.5131264925003052,0.2775743007659912,3.413681983947754,0.01856411062180996,0.7041286826133728,0.08258625864982605,0.0,3.2949609756469727,,,
,,,0.5,39,,1239,,,,,,,,,,,,,0.7193494439125061,,,,,,,,,,,,,,,,,,,
,,,,,0.0003762500000000001,1249,,,,,,,,,,,,,,,,,,,,,,,,,,,,,,,,
,,,,40,,1249,,,,,,,,,,,,0.78125,,1.888830304145813,0.011460292153060436,0.7459350228309631,0.0700245276093483,0.0,1.8509604930877686,,,,,,,,,,,1.0,0.0,1.0
,,,,,0.0003762500000000001,1259,,,,,,,,,,,,,,,,,,,,,,,,,,,,,,,,
,,,,40,,1259,,,,,,,,,,,,0.96875,,1.3965950012207031,0.01814260706305504,0.7483727931976318,0.11115554720163345,0.0,1.358269214630127,,,,,,,,,,,1.0,0.0,1.0
,,,,,0.0003762500000000001,1269,,,,,,,,,,,,,,,,,,,,,,,,,,,,,,,,
,,,,40,,1269,,,,,,,,,,,,0.859375,,1.5895724296569824,0.027834812179207802,0.7721896767616272,0.15063242614269257,0.0,1.54957115650177,,,,,,,,,,,1.0,0.0,1.0
0.44891461730003357,0.30082741379737854,0.2502579689025879,,40,,1270,,,,,,,,,,,,,,,,,,,,0.25,0.0283331461250782,0.4534606337547302,0.25416210293769836,3.4986555576324463,0.0403226874768734,0.6684137582778931,0.21452666819095612,0.0,3.4632186889648438,,,
,,,0.5,40,,1270,,,,,,,,,,,,,0.7447047829627991,,,,,,,,,,,,,,,,,,,
,,,,,0.00036869421178950805,1279,,,,,,,,,,,,,,,,,,,,,,,,,,,,,,,,
,,,,41,,1279,,,,,,,,,,,,0.875,,1.4271535873413086,0.023848935961723328,0.7759317755699158,0.1647714078426361,0.0,1.370687484741211,,,,,,,,,,,1.0,0.10000000149011612,1.0
,,,,,0.00036869421178950805,1289,,,,,,,,,,,,,,,,,,,,,,,,,,,,,,,,
,,,,41,,1289,,,,,,,,,,,,0.84375,,1.5130800008773804,0.015410560183227062,0.7764118313789368,0.15377791225910187,0.0,1.458111047744751,,,,,,,,,,,1.0,0.10000000149011612,1.0
,,,,,0.00036869421178950805,1299,,,,,,,,,,,,,,,,,,,,,,,,,,,,,,,,
,,,,41,,1299,,,,,,,,,,,,0.703125,,1.6131535768508911,0.01711978204548359,0.7484815716743469,0.1671639382839203,0.0,1.5581570863723755,,,,,,,,,,,1.0,0.10000000149011612,1.0
0.3997431993484497,0.25923484563827515,0.34102195501327515,,41,,1301,,,,,,,,,,,,,,,,,,,,,0.027688249945640564,0.5656324625015259,0.2526701092720032,3.223452091217041,0.028841979801654816,0.6877291202545166,0.2069568932056427,0.0,3.1669278144836426,,,
,,,0.5,41,,1301,,,,,,,,,,,,,0.8008008599281311,,,,,,,,,,,,,,,,,,,
,,,,,0.00036099685883029674,1309,,,,,,,,,,,,,,,,,,,,,,,,,,,,,,,,
,,,,42,,1309,,,,,,,,,,,,0.78125,,1.4654898643493652,0.015714965760707855,0.7005327939987183,0.15051619708538055,0.0,1.3995742797851562,,,,,,,,,,,1.0,0.20000000298023224,1.0
,,,,,0.00036099685883029674,1319,,,,,,,,,,,,,,,,,,,,,,,,,,,,,,,,
,,,,42,,1319,,,,,,,,,,,,0.84375,,1.5059144496917725,0.01765773445367813,0.7845867276191711,0.12836605310440063,0.0,1.440129041671753,,,,,,,,,,,1.0,0.20000000298023224,1.0
,,,,,0.00036099685883029674,1329,,,,,,,,,,,,,,,,,,,,,,,,,,,,,,,,
,,,,42,,1329,,,,,,,,,,,,0.8125,,1.5247218608856201,0.014026446267962456,0.7471624612808228,0.12181613594293594,0.0,1.462299108505249,,,,,,,,,,,1.0,0.20000000298023224,1.0
0.3468373715877533,0.29801663756370544,0.35514602065086365,,42,,1332,,,,,,,,,,,,,,,,,,,,,0.02323119156062603,0.5202863812446594,0.20562782883644104,3.3766250610351562,0.021414458751678467,0.6917310357093811,0.16433314979076385,0.0,3.308101177215576,,,
,,,0.5,42,,1332,,,,,,,,,,,,,0.773984432220459,,,,,,,,,,,,,,,,,,,
,,,,,0.0003531673191612606,1339,,,,,,,,,,,,,,,,,,,,,,,,,,,,,,,,
,,,,43,,1339,,,,,,,,,,,,0.84375,,1.470065712928772,0.01646750047802925,0.7826953530311584,0.1268681287765503,0.0,1.3920471668243408,,,,,,,,,,,1.0,0.30000001192092896,1.0
,,,,,0.0003531673191612606,1349,,,,,,,,,,,,,,,,,,,,,,,,,,,,,,,,
,,,,43,,1349,,,,,,,,,,,,0.890625,,1.263288974761963,0.011528589762747288,0.7783923745155334,0.08355533331632614,0.0,1.1987264156341553,,,,,,,,,,,1.0,0.30000001192092896,1.0
,,,,,0.0003531673191612606,1359,,,,,,,,,,,,,,,,,,,,,,,,,,,,,,,,
,,,,43,,1359,,,,,,,,,,,,0.796875,,1.7033478021621704,0.01462964341044426,0.7717512249946594,0.11286868900060654,0.0,1.6301681995391846,,,,,,,,,,,1.0,0.30000001192092896,1.0
0.4189589023590088,0.3517034649848938,0.2293376624584198,,43,,1363,,,,,,,,,,,,,,,,,,,,,0.020511731505393982,0.5155131220817566,0.2913820445537567,3.4761648178100586,0.01522164698690176,0.6643840670585632,0.1383059024810791,0.0,3.4006927013397217,,,
,,,0.5,43,,1363,,,,,,,,,,,,,0.7655834555625916,,,,,,,,,,,,,,,,,,,
,,,,,0.0003452151318704383,1369,,,,,,,,,,,,,,,,,,,,,,,,,,,,,,,,
,,,,44,,1369,,,,,,,,,,,,0.875,,1.466156005859375,0.011343820951879025,0.7735764980316162,0.1113550215959549,0.0,1.3823680877685547,,,,,,,,,,,1.0,0.4000000059604645,1.0
,,,,,0.0003452151318704383,1379,,,,,,,,,,,,,,,,,,,,,,,,,,,,,,,,
,,,,44,,1379,,,,,,,,,,,,0.8125,,1.712994933128357,0.009964070282876492,0.7718937993049622,0.07821193337440491,0.0,1.6426172256469727,,,,,,,,,,,1.0,0.4000000059604645,1.0
,,,,,0.0003452151318704383,1389,,,,,,,,,,,,,,,,,,,,,,,,,,,,,,,,
,,,,44,,1389,,,,,,,,,,,,0.84375,,1.3682475090026855,0.00986368115991354,0.7460246086120605,0.09177904576063156,0.0,1.2937415838241577,,,,,,,,,,,1.0,0.4000000059604645,1.0
0.28505074977874756,0.39738696813583374,0.3175622820854187,,44,,1394,,,,,,,,,,,,,,,,,,,,,0.019590266048908234,0.5250596404075623,0.27948081493377686,3.357004404067993,0.019265981391072273,0.6828399300575256,0.13683965802192688,0.0,3.2671632766723633,,,
,,,0.5,44,,1394,,,,,,,,,,,,,0.7839963436126709,,,,,,,,,,,,,,,,,,,
,,,,,0.0003371499854731031,1399,,,,,,,,,,,,,,,,,,,,,,,,,,,,,,,,
,,,,45,,1399,,,,,,,,,,,,0.78125,,1.8562383651733398,0.013237707316875458,0.7501420378684998,0.11397379636764526,0.0,1.7610825300216675,,,,,,,,,,,1.0,0.5,1.0
,,,,,0.0003371499854731031,1409,,,,,,,,,,,,,,,,,,,,,,,,,,,,,,,,
,,,,45,,1409,,,,,,,,,,,,0.8125,,1.4348533153533936,0.011659695766866207,0.7416365146636963,0.10074468702077866,0.0,1.3468161821365356,,,,,,,,,,,1.0,0.5,1.0
,,,,,0.0003371499854731031,1419,,,,,,,,,,,,,,,,,,,,,,,,,,,,,,,,
,,,,45,,1419,,,,,,,,,,,,0.734375,,1.4950637817382812,0.00829477608203888,0.7628860473632812,0.07141385972499847,0.0,1.4207978248596191,,,,,,,,,,,1.0,0.5,1.0
0.48850423097610474,0.22932341694831848,0.282172292470932,,45,,1425,,,,,,,,,,,,,,,,,,,,,0.01491832546889782,0.5560859441757202,0.2814667820930481,3.3386592864990234,0.01512504555284977,0.6759201884269714,0.10614706575870514,0.0,3.251033306121826,,,
,,,0.5,45,,1425,,,,,,,,,,,,,0.7752460837364197,,,,,,,,,,,,,,,,,,,
,,,,,0.00032898170610779956,1429,,,,,,,,,,,,,,,,,,,,,,,,,,,,,,,,
,,,,46,,1429,,,,,,,,,,,,0.875,,1.4199140071868896,0.012115397490561008,0.7276260852813721,0.10258575528860092,0.0,1.3213753700256348,,,,,,,,,,,1.0,0.6000000238418579,1.0
,,,,,0.00032898170610779956,1439,,,,,,,,,,,,,,,,,,,,,,,,,,,,,,,,
,,,,46,,1439,,,,,,,,,,,,0.875,,1.3000916242599487,0.009679424576461315,0.7568429112434387,0.07034572213888168,0.0,1.2195580005645752,,,,,,,,,,,1.0,0.6000000238418579,1.0
,,,,,0.00032898170610779956,1449,,,,,,,,,,,,,,,,,,,,,,,,,,,,,,,,
,,,,46,,1449,,,,,,,,,,,,0.859375,,1.587880253791809,0.009646025486290455,0.7586649656295776,0.07793470472097397,0.0,1.5027039051055908,,,,,,,,,,,1.0,0.6000000238418579,1.0
0.3978586196899414,0.2531512379646301,0.3489901125431061,,46,,1456,,,,,,,,,,,,,,,,,,,,,0.012634511105716228,0.5513126254081726,0.2207827866077423,3.4352729320526123,0.016387280076742172,0.6868339776992798,0.09130378067493439,0.0,3.345329523086548,,,
,,,0.5,46,,1456,,,,,,,,,,,,,0.7767788171768188,,,,,,,,,,,,,,,,,,,
,,,,,0.00032072024556470733,1459,,,,,,,,,,,,,,,,,,,,,,,,,,,,,,,,
,,,,47,,1459,,,,,,,,,,,,0.9375,,1.4872024059295654,0.01074669137597084,0.7860448956489563,0.11306389421224594,0.0,1.368218183517456,,,,,,,,,,,1.0,0.699999988079071,1.0
,,,,,0.00032072024556470733,1469,,,,,,,,,,,,,,,,,,,,,,,,,,,,,,,,
,,,,47,,1469,,,,,,,,,,,,0.8125,,1.5731338262557983,0.010869464837014675,0.7689949870109558,0.06798135489225388,0.0,1.48655366897583,,,,,,,,,,,1.0,0.699999988079071,1.0
,,,,,0.00032072024556470733,1479,,,,,,,,,,,,,,,,,,,,,,,,,,,,,,,,
,,,,47,,1479,,,,,,,,,,,,0.796875,,1.505279779434204,0.014654701575636864,0.745083749294281,0.09275496751070023,0.0,1.4023642539978027,,,,,,,,,,,1.0,0.699999988079071,1.0
0.3695245385169983,0.4162161350250244,0.2142593115568161,,47,,1487,,,,,,,,,,,,,,,,,,,,,0.015058672055602074,0.560859203338623,0.26389843225479126,3.4253780841827393,0.018834996968507767,0.6864497065544128,0.10366316884756088,0.0,3.317549467086792,,,
,,,0.5,47,,1487,,,,,,,,,,,,,0.7859825491905212,,,,,,,,,,,,,,,,,,,
,,,,,0.0003123756691609178,1489,,,,,,,,,,,,,,,,,,,,,,,,,,,,,,,,
,,,,48,,1489,,,,,,,,,,,,0.890625,,1.4220045804977417,0.011823701672255993,0.7124395370483398,0.08944781869649887,0.0,1.3142331838607788,,,,,,,,,,,1.0,0.800000011920929,1.0
,,,,,0.0003123756691609178,1499,,,,,,,,,,,,,,,,,,,,,,,,,,,,,,,,
,,,,48,,1499,,,,,,,,,,,,0.859375,,1.655677318572998,0.009708046913146973,0.7378341555595398,0.06691191345453262,0.0,1.5647706985473633,,,,,,,,,,,1.0,0.800000011920929,1.0
,,,,,0.0003123756691609178,1509,,,,,,,,,,,,,,,,,,,,,,,,,,,,,,,,
,,,,48,,1509,,,,,,,,,,,,0.84375,,1.946425199508667,0.011180567555129528,0.7466168999671936,0.07155411690473557,0.0,1.8512920141220093,,,,,,,,,,,1.0,0.800000011920929,1.0
0.36778831481933594,0.4343944489955902,0.19781720638275146,,48,,1518,,,,,,,,,,,,,,,,,,,,,0.011752159334719181,0.47494032979011536,0.23559346795082092,3.5089099407196045,0.018764222040772438,0.6877849102020264,0.07424312829971313,0.0,3.4141881465911865,,,
,,,0.5,48,,1518,,,,,,,,,,,,,0.7629157900810242,,,,,,,,,,,,,,,,,,,
,,,,,0.0003039581434773955,1519,,,,,,,,,,,,,,,,,,,,,,,,,,,,,,,,
,,,,49,,1519,,,,,,,,,,,,0.765625,,1.401505470275879,0.011670372448861599,0.7504633665084839,0.047112252563238144,0.0,1.320997714996338,,,,,,,,,,,1.0,0.8999999761581421,1.0
,,,,,0.0003039581434773955,1529,,,,,,,,,,,,,,,,,,,,,,,,,,,,,,,,
,,,,49,,1529,,,,,,,,,,,,0.90625,,1.499173641204834,0.018170105293393135,0.7673696875572205,0.07554444670677185,0.0,1.39190673828125,,,,,,,,,,,1.0,0.8999999761581421,1.0
,,,,,0.0003039581434773955,1539,,,,,,,,,,,,,,,,,,,,,,,,,,,,,,,,
,,,,49,,1539,,,,,,,,,,,,0.859375,,1.3067889213562012,0.014195877127349377,0.7308453321456909,0.07177040725946426,0.0,1.2049435377120972,,,,,,,,,,,1.0,0.8999999761581421,1.0
,,,,,0.0003039581434773955,1549,,,,,,,,,,,,,,,,,,,,,,,,,,,,,,,,
,,,,49,,1549,,,,,,,,,,,,0.8055555820465088,,1.7485443353652954,0.016193248331546783,0.7402746677398682,0.07460063695907593,0.0,1.6435803174972534,,,,,,,,,,,1.0,0.8999999761581421,1.0
0.3428032398223877,0.42834049463272095,0.22885629534721375,,49,,1549,,,,,,,,,,,,,,,,,,,,,0.012360965833067894,0.5393794775009155,0.268187552690506,3.48928165435791,0.021764151751995087,0.688849687576294,0.08005040884017944,0.0,3.3817055225372314,,,
,,,0.5,49,,1549,,,,,,,,,,,,,0.8331621289253235,,,,,,,,,,,,,,,,,,,
,,,,,0.00029547792397256533,1559,,,,,,,,,,,,,,,,,,,,,,,,,,,,,,,,
,,,,50,,1559,,,,,,,,,,,,0.84375,,1.4336639642715454,0.014352744445204735,0.7780351042747498,0.06808850169181824,0.0,1.3259559869766235,,,,,,,,,,,1.0,1.0,1.0
,,,,,0.00029547792397256533,1569,,,,,,,,,,,,,,,,,,,,,,,,,,,,,,,,
,,,,50,,1569,,,,,,,,,,,,0.890625,,1.5840200185775757,0.014605428092181683,0.7603258490562439,0.06664666533470154,0.0,1.4786267280578613,,,,,,,,,,,1.0,1.0,1.0
,,,,,0.00029547792397256533,1579,,,,,,,,,,,,,,,,,,,,,,,,,,,,,,,,
,,,,50,,1579,,,,,,,,,,,,0.796875,,1.609106421470642,0.019441712647676468,0.7683075070381165,0.06805644929409027,0.0,1.5016624927520752,,,,,,,,,,,1.0,1.0,1.0
0.3616591691970825,0.4253424108028412,0.2129983901977539,,50,,1580,,,,,,,,,,,,,,,,,,,,0.5,0.010570978745818138,0.5489259958267212,0.29937151074409485,3.502744674682617,0.019195420667529106,0.6817488074302673,0.0690600648522377,0.0,3.398637294769287,,,
,,,0.5,50,,1580,,,,,,,,,,,,,0.76487797498703,,,,,,,,,,,,,,,,,,,
,,,,,0.00028694534248761627,1589,,,,,,,,,,,,,,,,,,,,,,,,,,,,,,,,
,,,,51,,1589,,,,,,,,,,,,0.8125,,1.4494932889938354,0.019295308738946915,0.7404835224151611,0.05506478622555733,0.0,1.3564395904541016,,,,,,,,,,,1.0,1.0,1.0
,,,,,0.00028694534248761627,1599,,,,,,,,,,,,,,,,,,,,,,,,,,,,,,,,
,,,,51,,1599,,,,,,,,,,,,0.75,,1.548761248588562,0.017787866294384003,0.7449622750282288,0.06165895611047745,0.0,1.4489647150039673,,,,,,,,,,,1.0,1.0,1.0
,,,,,0.00028694534248761627,1609,,,,,,,,,,,,,,,,,,,,,,,,,,,,,,,,
,,,,51,,1609,,,,,,,,,,,,0.84375,,1.4390184879302979,0.018083762377500534,0.7752079367637634,0.0690561980009079,0.0,1.3302977085113525,,,,,,,,,,,1.0,1.0,1.0
0.4144921600818634,0.29156970977783203,0.29393815994262695,,51,,1611,,,,,,,,,,,,,,,,,,,,,0.01088840700685978,0.5417661070823669,0.31234103441238403,3.518491744995117,0.022189725190401077,0.688557505607605,0.0746736004948616,0.0,3.408280611038208,,,
,,,0.5,51,,1611,,,,,,,,,,,,,0.8203016519546509,,,,,,,,,,,,,,,,,,,
,,,,,0.0002783707946587443,1619,,,,,,,,,,,,,,,,,,,,,,,,,,,,,,,,
,,,,52,,1619,,,,,,,,,,,,0.875,,1.340569019317627,0.019767001271247864,0.7634370923042297,0.05756915360689163,0.0,1.2438396215438843,,,,,,,,,,,1.0,1.0,1.0
,,,,,0.0002783707946587443,1629,,,,,,,,,,,,,,,,,,,,,,,,,,,,,,,,
,,,,52,,1629,,,,,,,,,,,,0.84375,,1.4888964891433716,0.01870163157582283,0.7813241481781006,0.0710282251238823,0.0,1.3778669834136963,,,,,,,,,,,1.0,1.0,1.0
,,,,,0.0002783707946587443,1639,,,,,,,,,,,,,,,,,,,,,,,,,,,,,,,,
,,,,52,,1639,,,,,,,,,,,,0.75,,1.764105200767517,0.022534029558300972,0.7194050550460815,0.07923652976751328,0.0,1.6477718353271484,,,,,,,,,,,1.0,1.0,1.0
0.3970298767089844,0.3256927728652954,0.2772773206233978,,52,,1642,,,,,,,,,,,,,,,,,,,,,0.011759145185351372,0.47255370020866394,0.2871573269367218,3.7825262546539307,0.029575344175100327,0.6756657958030701,0.07629728317260742,0.0,3.670966863632202,,,
,,,0.5,52,,1642,,,,,,,,,,,,,0.8243963718414307,,,,,,,,,,,,,,,,,,,
,,,,,0.0002697647272516711,1649,,,,,,,,,,,,,,,,,,,,,,,,,,,,,,,,
,,,,53,,1649,,,,,,,,,,,,0.859375,,1.3668919801712036,0.02078612521290779,0.7735681533813477,0.06208912655711174,0.0,1.265085220336914,,,,,,,,,,,1.0,1.0,1.0
,,,,,0.0002697647272516711,1659,,,,,,,,,,,,,,,,,,,,,,,,,,,,,,,,
,,,,53,,1659,,,,,,,,,,,,0.921875,,1.4477646350860596,0.025404442101716995,0.7504878044128418,0.05548885092139244,0.0,1.3534812927246094,,,,,,,,,,,1.0,1.0,1.0
,,,,,0.0002697647272516711,1669,,,,,,,,,,,,,,,,,,,,,,,,,,,,,,,,
,,,,53,,1669,,,,,,,,,,,,0.78125,,1.7833586931228638,0.022159572690725327,0.7433645725250244,0.052593111991882324,0.0,1.6924893856048584,,,,,,,,,,,1.0,1.0,1.0
0.38715627789497375,0.4009345471858978,0.21190916001796722,,53,,1673,,,,,,,,,,,,,,,,,,,,,0.011251883581280708,0.48926013708114624,0.25519245862960815,3.650435447692871,0.02393192984163761,0.67291659116745,0.06990539282560349,0.0,3.545687437057495,,,
,,,0.5,53,,1673,,,,,,,,,,,,,0.8144968748092651,,,,,,,,,,,,,,,,,,,
,,,,,0.0002611376254338691,1679,,,,,,,,,,,,,,,,,,,,,,,,,,,,,,,,
,,,,54,,1679,,,,,,,,,,,,0.9375,,1.2556134462356567,0.019163038581609726,0.7150753736495972,0.06238808110356331,0.0,1.1565134525299072,,,,,,,,,,,1.0,1.0,1.0
,,,,,0.0002611376254338691,1689,,,,,,,,,,,,,,,,,,,,,,,,,,,,,,,,
,,,,54,,1689,,,,,,,,,,,,0.8125,,1.673413634300232,0.0179163608700037,0.743935227394104,0.06928310543298721,0.0,1.566037893295288,,,,,,,,,,,1.0,1.0,1.0
,,,,,0.0002611376254338691,1699,,,,,,,,,,,,,,,,,,,,,,,,,,,,,,,,
,,,,54,,1699,,,,,,,,,,,,0.921875,,1.3983453512191772,0.015474805608391762,0.7000442147254944,0.05643072724342346,0.0,1.3061386346817017,,,,,,,,,,,1.0,1.0,1.0
0.3567739427089691,0.362465500831604,0.2807605564594269,,54,,1704,,,,,,,,,,,,,,,,,,,,,0.009219554252922535,0.5441527366638184,0.279204785823822,3.53639817237854,0.02460617944598198,0.6917927265167236,0.061647530645132065,0.0,3.4389305114746094,,,
,,,0.5,54,,1704,,,,,,,,,,,,,0.8487218618392944,,,,,,,,,,,,,,,,,,,
,,,,,0.0002525,1709,,,,,,,,,,,,,,,,,,,,,,,,,,,,,,,,
,,,,55,,1709,,,,,,,,,,,,0.828125,,1.8188523054122925,0.014290941879153252,0.7321202158927917,0.05324866250157356,0.0,1.728283166885376,,,,,,,,,,,1.0,1.0,1.0
,,,,,0.0002525,1719,,,,,,,,,,,,,,,,,,,,,,,,,,,,,,,,
,,,,55,,1719,,,,,,,,,,,,0.84375,,1.5790112018585205,0.01929347962141037,0.7684748768806458,0.05133489519357681,0.0,1.4882879257202148,,,,,,,,,,,1.0,1.0,1.0
,,,,,0.0002525,1729,,,,,,,,,,,,,,,,,,,,,,,,,,,,,,,,
,,,,55,,1729,,,,,,,,,,,,0.78125,,1.685590147972107,0.020064912736415863,0.7277394533157349,0.055529724806547165,0.0,1.592670202255249,,,,,,,,,,,1.0,1.0,1.0
0.3331095278263092,0.3641834855079651,0.30270692706108093,,55,,1735,,,,,,,,,,,,,,,,,,,,,0.00986562855541706,0.5322195887565613,0.23278331756591797,3.576780080795288,0.03707990422844887,0.6848511695861816,0.06483203917741776,0.0,3.475851535797119,,,
,,,0.5,55,,1735,,,,,,,,,,,,,0.8470650315284729,,,,,,,,,,,,,,,,,,,
,,,,,0.00024386237456613109,1739,,,,,,,,,,,,,,,,,,,,,,,,,,,,,,,,
,,,,56,,1739,,,,,,,,,,,,0.84375,,1.5313537120819092,0.019918033853173256,0.7454085946083069,0.058080751448869705,0.0,1.4350066184997559,,,,,,,,,,,1.0,1.0,1.0
,,,,,0.00024386237456613109,1749,,,,,,,,,,,,,,,,,,,,,,,,,,,,,,,,
,,,,56,,1749,,,,,,,,,,,,0.90625,,1.438402771949768,0.013943477533757687,0.7866358757019043,0.044373489916324615,0.0,1.3540003299713135,,,,,,,,,,,1.0,1.0,1.0
,,,,,0.00024386237456613109,1759,,,,,,,,,,,,,,,,,,,,,,,,,,,,,,,,
,,,,56,,1759,,,,,,,,,,,,0.890625,,1.2667750120162964,0.014246510341763496,0.7323470711708069,0.05594335123896599,0.0,1.173501968383789,,,,,,,,,,,1.0,1.0,1.0
0.3631087839603424,0.30736643075942993,0.32952481508255005,,56,,1766,,,,,,,,,,,,,,,,,,,,,0.007956357672810555,0.5298329591751099,0.25616198778152466,3.5583157539367676,0.01930336281657219,0.681229829788208,0.053731631487607956,0.0,3.469557762145996,,,
,,,0.5,56,,1766,,,,,,,,,,,,,0.8427016735076904,,,,,,,,,,,,,,,,,,,
,,,,,0.000235235272748329,1769,,,,,,,,,,,,,,,,,,,,,,,,,,,,,,,,
,,,,57,,1769,,,,,,,,,,,,0.953125,,1.1676822900772095,0.014204723760485649,0.7455028891563416,0.06257277727127075,0.0,1.0671241283416748,,,,,,,,,,,1.0,1.0,1.0
,,,,,0.000235235272748329,1779,,,,,,,,,,,,,,,,,,,,,,,,,,,,,,,,
,,,,57,,1779,,,,,,,,,,,,0.859375,,1.413268804550171,0.014835314825177193,0.7546882629394531,0.04040014371275902,0.0,1.3343925476074219,,,,,,,,,,,1.0,1.0,1.0
,,,,,0.000235235272748329,1789,,,,,,,,,,,,,,,,,,,,,,,,,,,,,,,,
,,,,57,,1789,,,,,,,,,,,,0.875,,1.4821025133132935,0.016116751357913017,0.7521149516105652,0.04473340883851051,0.0,1.3989574909210205,,,,,,,,,,,1.0,1.0,1.0
0.31055617332458496,0.3313452899456024,0.35809850692749023,,57,,1797,,,,,,,,,,,,,,,,,,,,,0.00888773798942566,0.5322195887565613,0.2175344079732895,3.648179054260254,0.02740497700870037,0.6983885169029236,0.06067292392253876,0.0,3.5512161254882812,,,
,,,0.5,57,,1797,,,,,,,,,,,,,0.8475962281227112,,,,,,,,,,,,,,,,,,,
,,,,,0.0002266292053412558,1799,,,,,,,,,,,,,,,,,,,,,,,,,,,,,,,,
,,,,58,,1799,,,,,,,,,,,,0.890625,,1.361016869544983,0.018069515004754066,0.7586158514022827,0.05385629087686539,0.0,1.2683262825012207,,,,,,,,,,,1.0,1.0,1.0
,,,,,0.0002266292053412558,1809,,,,,,,,,,,,,,,,,,,,,,,,,,,,,,,,
,,,,58,,1809,,,,,,,,,,,,0.796875,,1.391989827156067,0.01573411002755165,0.7832990288734436,0.03553524613380432,0.0,1.3165030479431152,,,,,,,,,,,1.0,1.0,1.0
,,,,,0.0002266292053412558,1819,,,,,,,,,,,,,,,,,,,,,,,,,,,,,,,,
,,,,58,,1819,,,,,,,,,,,,0.875,,1.316190481185913,0.015601315535604954,0.754054844379425,0.06488579511642456,0.0,1.2128217220306396,,,,,,,,,,,1.0,1.0,1.0
0.3901154398918152,0.3623504638671875,0.24753405153751373,,58,,1828,,,,,,,,,,,,,,,,,,,,,0.009336245246231556,0.5083532333374023,0.2199670821428299,3.816326379776001,0.02463577501475811,0.6812216639518738,0.060083381831645966,0.0,3.7209503650665283,,,
,,,0.5,58,,1828,,,,,,,,,,,,,0.8074122667312622,,,,,,,,,,,,,,,,,,,
,,,,,0.0002180546575123838,1829,,,,,,,,,,,,,,,,,,,,,,,,,,,,,,,,
,,,,59,,1829,,,,,,,,,,,,0.84375,,1.5726523399353027,0.018721703439950943,0.7708116769790649,0.060595251619815826,0.0,1.4725804328918457,,,,,,,,,,,1.0,1.0,1.0
,,,,,0.0002180546575123838,1839,,,,,,,,,,,,,,,,,,,,,,,,,,,,,,,,
,,,,59,,1839,,,,,,,,,,,,0.859375,,1.4913105964660645,0.0160616934299469,0.7343185544013977,0.04059870168566704,0.0,1.4131927490234375,,,,,,,,,,,1.0,1.0,1.0
,,,,,0.0002180546575123838,1849,,,,,,,,,,,,,,,,,,,,,,,,,,,,,,,,
,,,,59,,1849,,,,,,,,,,,,0.828125,,1.456770658493042,0.017946146428585052,0.7727391719818115,0.04882225766777992,0.0,1.3684141635894775,,,,,,,,,,,1.0,1.0,1.0
,,,,,0.0002180546575123838,1859,,,,,,,,,,,,,,,,,,,,,,,,,,,,,,,,
,,,,59,,1859,,,,,,,,,,,,0.9722222089767456,,1.1000078916549683,0.01694711484014988,0.757797122001648,0.0495607927441597,0.0,1.0117099285125732,,,,,,,,,,,1.0,1.0,1.0
0.29737603664398193,0.3946634531021118,0.30796048045158386,,59,,1859,,,,,,,,,,,,,,,,,,,,,0.008378214202821255,0.5250596404075623,0.2152276486158371,3.6913628578186035,0.030488401651382446,0.6719897389411926,0.06202808395028114,0.0,3.5942108631134033,,,
,,,0.5,59,,1859,,,,,,,,,,,,,0.8645659685134888,,,,,,,,,,,,,,,,,,,
,,,,,0.00020952207602743475,1869,,,,,,,,,,,,,,,,,,,,,,,,,,,,,,,,
,,,,60,,1869,,,,,,,,,,,,0.8125,,1.4603041410446167,0.020397478714585304,0.7466798424720764,0.06496485322713852,0.0,1.421950340270996,,,,,,,,,,,1.0,0.0,1.0
,,,,,0.00020952207602743475,1879,,,,,,,,,,,,,,,,,,,,,,,,,,,,,,,,
,,,,60,,1879,,,,,,,,,,,,0.875,,1.4012181758880615,0.020889196544885635,0.7317718267440796,0.05344237759709358,0.0,1.363585114479065,,,,,,,,,,,1.0,0.0,1.0
,,,,,0.00020952207602743475,1889,,,,,,,,,,,,,,,,,,,,,,,,,,,,,,,,
,,,,60,,1889,,,,,,,,,,,,0.890625,,1.2381298542022705,0.021688926964998245,0.7906886339187622,0.0801181048154831,0.0,1.1975109577178955,,,,,,,,,,,1.0,0.0,1.0
0.35144490003585815,0.415718138217926,0.23283696174621582,,60,,1890,,,,,,,,,,,,,,,,,,,,0.0,0.013657421804964542,0.5083532333374023,0.22910121083259583,3.697260618209839,0.03336990252137184,0.6935697197914124,0.09678101539611816,0.0,3.6609134674072266,,,
,,,0.5,60,,1890,,,,,,,,,,,,,0.8506174087524414,,,,,,,,,,,,,,,,,,,
,,,,,0.0002010418565226046,1899,,,,,,,,,,,,,,,,,,,,,,,,,,,,,,,,
,,,,61,,1899,,,,,,,,,,,,0.921875,,1.1783751249313354,0.022520702332258224,0.755114734172821,0.08484148979187012,0.0,1.1310092210769653,,,,,,,,,,,1.0,0.10000000149011612,1.0
,,,,,0.0002010418565226046,1909,,,,,,,,,,,,,,,,,,,,,,,,,,,,,,,,
,,,,61,,1909,,,,,,,,,,,,0.84375,,1.3092522621154785,0.02486700750887394,0.7318505644798279,0.11110673099756241,0.0,1.2603057622909546,,,,,,,,,,,1.0,0.10000000149011612,1.0
,,,,,0.0002010418565226046,1919,,,,,,,,,,,,,,,,,,,,,,,,,,,,,,,,
,,,,61,,1919,,,,,,,,,,,,0.921875,,1.1981834173202515,0.02619125135242939,0.7723541259765625,0.08655428886413574,0.0,1.1496007442474365,,,,,,,,,,,1.0,0.10000000149011612,1.0
0.3428252339363098,0.40116482973098755,0.256009966135025,,61,,1921,,,,,,,,,,,,,,,,,,,,,0.0160710159689188,0.5441527366638184,0.243360698223114,3.581648826599121,0.0323493555188179,0.6797705888748169,0.11144762486219406,0.0,3.534898042678833,,,
,,,0.5,61,,1921,,,,,,,,,,,,,0.8874143958091736,,,,,,,,,,,,,,,,,,,
,,,,,0.00019262433083908222,1929,,,,,,,,,,,,,,,,,,,,,,,,,,,,,,,,
,,,,62,,1929,,,,,,,,,,,,0.8125,,1.6289607286453247,0.020363029092550278,0.7519471049308777,0.09761404991149902,0.0,1.5708224773406982,,,,,,,,,,,1.0,0.20000000298023224,1.0
,,,,,0.00019262433083908222,1939,,,,,,,,,,,,,,,,,,,,,,,,,,,,,,,,
,,,,62,,1939,,,,,,,,,,,,0.90625,,1.1793591976165771,0.02292182855308056,0.7594601511955261,0.09453948587179184,0.0,1.1213321685791016,,,,,,,,,,,1.0,0.20000000298023224,1.0
,,,,,0.00019262433083908222,1949,,,,,,,,,,,,,,,,,,,,,,,,,,,,,,,,
,,,,62,,1949,,,,,,,,,,,,0.90625,,1.187369465827942,0.02362653985619545,0.7500894069671631,0.12056149542331696,0.0,1.1245713233947754,,,,,,,,,,,1.0,0.20000000298023224,1.0
0.35589760541915894,0.39927855134010315,0.2448238581418991,,62,,1952,,,,,,,,,,,,,,,,,,,,,0.014792907051742077,0.5155131220817566,0.24323387444019318,3.716264247894287,0.030868610367178917,0.6982855200767517,0.1037711426615715,0.0,3.6590521335601807,,,
,,,0.5,62,,1952,,,,,,,,,,,,,0.8942760229110718,,,,,,,,,,,,,,,,,,,
,,,,,0.00018427975443529272,1959,,,,,,,,,,,,,,,,,,,,,,,,,,,,,,,,
,,,,63,,1959,,,,,,,,,,,,0.875,,1.5664896965026855,0.024912912398576736,0.7987237572669983,0.08908358961343765,0.0,1.4985828399658203,,,,,,,,,,,1.0,0.30000001192092896,1.0
,,,,,0.00018427975443529272,1969,,,,,,,,,,,,,,,,,,,,,,,,,,,,,,,,
,,,,63,,1969,,,,,,,,,,,,0.875,,1.3282912969589233,0.025435226038098335,0.7262529730796814,0.09544625133275986,0.0,1.262073040008545,,,,,,,,,,,1.0,0.30000001192092896,1.0
,,,,,0.00018427975443529272,1979,,,,,,,,,,,,,,,,,,,,,,,,,,,,,,,,
,,,,63,,1979,,,,,,,,,,,,0.890625,,1.4102377891540527,0.01961994171142578,0.7474934458732605,0.07322747260332108,0.0,1.3499139547348022,,,,,,,,,,,1.0,0.30000001192092896,1.0
0.3791162669658661,0.37506285309791565,0.24582090973854065,,63,,1983,,,,,,,,,,,,,,,,,,,,,0.013606023043394089,0.5035799741744995,0.24403846263885498,3.717902183532715,0.027866387739777565,0.6806718111038208,0.08889558166265488,0.0,3.655806541442871,,,
,,,0.5,63,,1983,,,,,,,,,,,,,0.860158383846283,,,,,,,,,,,,,,,,,,,
,,,,64,,1984,0.5428571701049805,0.6043991446495056,0.24855823814868927,0.22371059656143188,3.1137325763702393,0.007563678082078695,0.66647869348526,0.08891839534044266,0.0,3.0444631576538086,0.21406801044940948,,,,,,,,,,,,,,,,,,,,,
